#z	Asia/Ho_Chi_Minh
#c	ID
#r	
Kota Sambas		1.36	109.30	0	57
#c	VN
#r	
An Khê	An Khe	13.95	108.65	0	82
Bà Nà	Ba Na	15.98	107.98	0	15
Bản Na Hỷ	Ban Na Hy	19.56	104.53	0	17
Bến Cát	Ben Cat	11.15	106.60	0	365
Kiên Hải	Kien Hai	9.97	104.85	0	23
Mui Ne		10.93	108.28	0	50
Mường Lay	Muong Lay	22.00	103.13	0	20
Phong Thạnh	Phong Thanh	9.32	105.35	0	54
Phước Hòa	Phuoc Hoa	12.10	107.12	0	15
Tam Giang		8.80	105.18	0	23
Thị Trấn Tiên Yên	Thi Tran Tien Yen	21.33	107.41	0	22
Ấp Bình Châu	Ap Binh Chau	10.55	107.55	0	15
#r	An Giang
Châu Phong	Chau Phong	10.72	105.13	0	56
Châu Đốc	Chau oc	10.70	105.12	0	70
Cô Tô	Co To	10.35	105.02	0	31
Hồng Ngự	Hong Ngu	10.80	105.35	0	101
Khánh Hòa	Khanh Hoa	10.68	105.17	0	25
Kiến An	Kien An	10.57	105.37	0	28
Long Xuyên	Long Xuyen	10.39	105.44	0	286
Núi Sập	Nui Sap	10.26	105.27	0	26
Tân Châu	Tan Chau	10.80	105.24	0	175
Tịnh Biên	Tinh Bien	10.60	104.94	0	143
Óc Eo	Oc Eo	10.24	105.16	0	39
Ấp Long Thạnh	Ap Long Thanh	10.76	105.27	0	34
#r	Ba Ria-Vung Tau
Long Diền	Long Dien	10.48	107.22	0	18
Phú Mỹ	Phu My	10.63	107.07	0	287
Thành Phố Bà Rịa	Thanh Pho Ba Ria	10.50	107.17	0	235
Thị Trấn Ngải Giao	Thi Tran Ngai Giao	10.65	107.25	0	49
Thị Trấn Phước Bửu	Thi Tran Phuoc Buu	10.53	107.40	0	52
Thị Trấn Đất Đỏ	Thi Tran at o	10.49	107.27	0	20
Vũng Tàu	Vung Tau	10.35	107.08	0	465
Xã Long Hải	Xa Long Hai	10.39	107.24	0	35
Xóm Mỹ Xuân	Xom My Xuan	10.62	107.07	0	32
Ấp Phước Tĩnh	Ap Phuoc Tinh	10.40	107.18	0	22
#r	Bac Giang
Việt Yên	Viet Yen	21.27	106.13	0	206
#r	Bac Lieu
An Trạch	An Trach	9.07	105.40	0	28
Bạc Liêu	Bac Lieu	9.29	105.73	0	156
Giá Rai	Gia Rai	9.23	105.46	0	145
Gành Hào	Ganh Hao	9.03	105.42	0	32
Ấp Hô Phòng	Ap Ho Phong	9.23	105.42	0	22
#r	Bac Ninh
Cung Kiệm	Cung Kiem	21.19	106.16	0	80
#r	Ben Tre
Bến Tre	Ben Tre	10.24	106.38	0	124
#r	Binh Dinh
An Nhơn	An Nhon	13.89	109.11	0	308
Qui Nhon		13.78	109.22	0	519
#r	Binh Duong
Dĩ An	Di An	10.91	106.77	0	463
Thuận An	Thuan An	10.92	106.71	0	589
Thủ Dầu Một	Thu Dau Mot	10.98	106.65	0	373
#r	Binh Phuoc
Chơn Thành	Chon Thanh	11.43	106.64	0	121
Đồng Xoài	ong Xoai	11.53	106.88	0	168
#r	Binh Thuan
La Gi		10.66	107.77	0	161
Phan Thiết	Phan Thiet	10.93	108.10	0	229
Phú Quý	Phu Quy	10.52	108.93	0	25
#r	Ca Mau
Cà Mau	Ca Mau	9.18	105.15	0	226
Cái Đôi Vàm	Cai oi Vam	8.86	104.81	0	36
Hưng Mỹ	Hung My	8.90	104.98	0	39
Năm Căn	Nam Can	8.76	104.99	0	30
Thới Bình	Thoi Binh	9.36	105.10	0	38
Trần Văn Thời	Tran Van Thoi	9.08	104.98	0	56
#r	Can Tho
Bình Thủy	Binh Thuy	10.07	105.74	0	114
Cái Răng	Cai Rang	10.00	105.75	0	86
Cần Thơ	Can Tho	10.04	105.79	0	1507
Cờ Đỏ	Co o	10.09	105.43	0	117
Lai Vung		10.26	105.59	0	81
Phong Điền	Phong ien	10.00	105.67	0	98
Thốt Nốt	Thot Not	10.27	105.53	0	158
Thới Lai	Thoi Lai	10.07	105.56	0	110
Vĩnh Thạnh	Vinh Thanh	10.22	105.40	0	98
Ô Môn	O Mon	10.11	105.62	0	130
#r	Cao Bang
Thị Trấn Nước Hai	Thi Tran Nuoc Hai	22.74	106.15	0	20
Thị Trấn Trùng Khánh	Thi Tran Trung Khanh	22.84	106.52	0	18
#r	Da Nang
An Hải	An Hai	16.07	108.23	0	83
Cẩm Lệ	Cam Le	16.02	108.20	0	79
Da Nang		16.07	108.22	0	1276
Hòa Cường	Hoa Cuong	16.04	108.18	0	119
Sơn Trà	Son Tra	16.06	108.23	0	87
Thanh Khê	Thanh Khe	16.07	108.19	0	201
#r	Dac Lak
Buôn Hồ	Buon Ho	12.95	108.30	0	128
Buôn Ma Thuột	Buon Ma Thuot	12.67	108.04	0	434
Buôn Trấp	Buon Trap	12.48	108.03	0	24
Ea Drăng	Ea Drang	13.20	108.21	0	21
Phước An	Phuoc An	12.71	108.30	0	25
Quảng Phú	Quang Phu	12.82	108.08	0	27
#r	Dak Nong
Ea T’ling	Ea Tling	12.59	107.90	0	15
Gia Nghĩa	Gia Nghia	12.00	107.69	0	85
#r	Dong Nai
Biên Hòa	Bien Hoa	10.94	106.82	0	1272
Long Khánh	Long Khanh	10.93	107.25	0	171
Long Thành	Long Thanh	10.79	106.95	0	27
Trảng Bom	Trang Bom	10.95	107.01	0	58
Xuân Lộc	Xuan Loc	10.93	107.23	0	253
#r	Dong Thap
Cao Lãnh	Cao Lanh	10.46	105.63	0	212
Quận Đức Thịnh	Quan uc Thinh	10.31	105.74	0	132
Sa Dec		10.29	105.76	0	215
Tràm Chim	Tram Chim	10.67	105.56	0	23
#r	Gia Lai
A Yun Pa		13.40	108.44	0	35
Pleiku		13.98	108.00	0	114
Tân Uyên	Tan Uyen	11.08	106.79	0	53
#r	Ha Giang
Bắc Quang	Bac Quang	22.48	104.87	0	119
#r	Ha Noi
Bắc Từ Liêm	Bac Tu Liem	21.07	105.75	0	341
Cổ Lóa	Co Loa	21.12	105.87	0	17
Láng Thượng	Lang Thuong	21.02	105.80	0	31
Quang Minh		21.19	105.77	0	25
Vinhomes Royal City		21.00	105.82	0	20
Vinhomes Smart City		21.00	105.74	0	50
Ô Chợ Dừa	O Cho Dua	21.02	105.82	0	36
#r	Hai Duong
Chí Linh	Chi Linh	21.07	106.32	0	220
Thị Trấn Mạo Khê	Thi Tran Mao Khe	21.06	106.59	0	72
#r	Hai Phong
Cát Bà	Cat Ba	20.73	107.05	0	30
Đố Sơn	o Son	20.71	106.79	0	51
#r	Hau Giang
Long Mỹ	Long My	9.68	105.57	0	62
Ngã Bảy	Nga Bay	9.81	105.82	0	101
Ngã Năm	Nga Nam	9.57	105.60	0	59
Vị Thanh	Vi Thanh	9.78	105.47	0	24
Ấp Một	Ap Mot	9.84	105.54	0	43
#r	Ho Chi Minh City
Bình Thạnh	Binh Thanh	10.81	106.71	0	552
Chợ Lớn	Cho Lon	10.75	106.65	0	561
Cần Giờ	Can Gio	10.41	106.95	0	55
Củ Chi	Cu Chi	10.97	106.49	0	75
Gò Vấp	Go Vap	10.82	106.68	0	111
Ho Chi Minh City		10.82	106.63	0	14003
Nhà Bè	Nha Be	10.70	106.74	0	17
Quận Ba	Quan Ba	10.77	106.69	0	220
Quận Bốn	Quan Bon	10.77	106.71	0	199
Quận Mười	Quan Muoi	10.77	106.67	0	399
Quận Mười Một	Quan Muoi Mot	10.76	106.64	0	333
Quận Năm	Quan Nam	10.76	106.67	0	188
Quận Sáu	Quan Sau	10.75	106.65	0	271
Thủ Đức	Thu uc	10.85	106.77	0	525
Tân Bình	Tan Binh	10.80	106.66	0	89
#r	Hoa Binh
Xuân Mai	Xuan Mai	20.90	105.58	0	25
#r	Hung Yen
Ecopark		20.96	105.93	0	25
#r	Khanh Hoa
Cam Ranh		11.92	109.16	0	147
Nha Trang		12.25	109.19	0	579
Ninh Hòa	Ninh Hoa	12.49	109.12	0	231
Tu Bông	Tu Bong	12.77	109.30	0	30
#r	Kien Giang
Hà Tiên	Ha Tien	10.38	104.49	0	101
Hàm Ninh	Ham Ninh	10.18	104.05	0	34
Phu Quoc		10.22	103.97	0	294
Phú Quốc	Phu Quoc	10.29	104.01	0	179
Rạch Giá	Rach Gia	10.01	105.08	0	460
Xóm Cái Nước	Xom Cai Nuoc	9.80	105.10	0	54
#r	Kon Tum
Kon Tum		14.35	108.01	0	206
#r	Lam Dong
Bảo Lộc	Bao Loc	11.55	107.81	0	171
Huyện Lâm Hà	Huyen Lam Ha	11.82	108.21	0	145
Ðà Lạt	a Lat	11.95	108.44	0	258
Đinh Văn	inh Van	11.79	108.24	0	16
Đưc Trọng	uc Trong	11.74	108.37	0	161
#r	Lang Son
Thị Trấn Na Dương	Thi Tran Na Duong	21.70	106.96	0	24
Thị Trấn Thất Khê	Thi Tran That Khe	22.26	106.47	0	20
#r	Lao Cai
Thị Trấn Phố Lu	Thi Tran Pho Lu	22.32	104.19	0	33
#r	Long An
Cần Giuộc	Can Giuoc	10.61	106.67	0	152
Cần Đước	Can uoc	10.51	106.60	0	50
Tân An	Tan An	10.54	106.41	0	215
#r	Nghe An
Kim Liên	Kim Lien	18.88	105.32	0	24
Thái Hòa	Thai Hoa	18.92	104.97	0	66
#r	Ninh Thuan
Khánh Hải	Khanh Hai	11.59	109.04	0	16
Phan Rang-Tháp Chàm	Phan Rang-Thap Cham	11.56	108.99	0	208
#r	Phu Yen
Sông Cầu	Song Cau	13.46	109.22	0	94
Tuy Hòa	Tuy Hoa	13.10	109.32	0	156
#r	Quang Nam
Hoi An		15.88	108.33	0	33
Hải Châu	Hai Chau	15.92	108.13	0	131
Núi Thành	Nui Thanh	15.43	108.66	0	69
Tam Kỳ	Tam Ky	15.57	108.47	0	165
Điện Bàn	ien Ban	15.89	108.25	0	227
Đông Phú	ong Phu	15.67	108.22	0	34
Đại Lộc	ai Loc	15.88	108.12	0	16
#r	Quang Ngai
Lý Sơn	Ly Son	15.37	109.12	0	22
Mỹ Khê	My Khe	15.15	108.90	0	24
Mỹ Lại	My Lai	15.19	108.89	0	24
Quảng Ngãi	Quang Ngai	15.12	108.79	0	278
Đức Phổ	uc Pho	14.81	108.96	0	156
#r	Quang Ninh
Cẩm Phả Mines	Cam Pha Mines	21.02	107.30	0	135
Thành Phố Uông Bí	Thanh Pho Uong Bi	21.03	106.77	0	64
#r	Quang Tri
thị xã Quảng Trị	thi xa Quang Tri	16.75	107.18	0	23
#r	Soc Trang
Phú Lộc	Phu Loc	9.43	105.74	0	15
Sóc Trăng	Soc Trang	9.60	105.97	0	221
Vĩnh Châu	Vinh Chau	9.32	105.98	0	184
#r	Son La
Thị Trấn Thuận Châu	Thi Tran Thuan Chau	21.44	103.69	0	153
#r	Tay Ninh
Dương Minh Châu	Duong Minh Chau	11.38	106.23	0	36
Hòa Thành	Hoa Thanh	11.29	106.13	0	148
Phú Khương	Phu Khuong	11.28	106.13	0	48
Trảng Bàng	Trang Bang	11.03	106.36	0	162
Tây Ninh	Tay Ninh	11.31	106.10	0	135
#r	Thai Nguyen
Thành phố Sông Công	Thanh pho Song Cong	21.48	105.84	0	128
Thị Trấn Đại Từ	Thi Tran ai Tu	21.63	105.64	0	179
#r	Thanh Hoa
Bỉm Sơn	Bim Son	20.08	105.86	0	54
Sầm Sơn	Sam Son	19.73	105.90	0	130
Thị Trấn Lam Sơn	Thi Tran Lam Son	19.90	105.41	0	33
#r	Thua Thien-Hue
Hương Thủy	Huong Thuy	16.42	107.64	0	95
#r	Tien Giang
Cai Lậy	Cai Lay	10.40	106.12	0	143
Gò Công	Go Cong	10.37	106.67	0	98
Mỹ Tho	My Tho	10.36	106.36	0	271
#r	Tra Vinh
Duyên Hải	Duyen Hai	9.63	106.49	0	70
Trà Vinh	Tra Vinh	9.95	106.34	0	160
#r	Vinh Long
Bình Minh	Binh Minh	10.07	105.82	0	95
Vĩnh Long	Vinh Long	10.25	105.97	0	138
#r	Yen Bai
Nghĩa Lộ	Nghia Lo	21.60	104.52	0	68
