#z	Asia/Irkutsk
#c	RU
#r	Irkutsk
Angarsk		52.56	103.91	0	243
Baykal’sk	Baykalsk	51.52	104.14	0	16
Bodaybo		57.85	114.20	0	16
Bratsk		56.13	101.61	0	257
Cheremkhovo		53.15	103.08	0	57
Chunskiy		56.09	99.64	0	16
Irkutsk		52.30	104.29	0	624
Markova		52.21	104.22	0	18
Nizhneudinsk		54.91	99.03	0	39
Sayansk		54.11	102.18	0	44
Shelekhov		52.22	104.10	0	47
Slyudyanka		51.66	103.71	0	19
Tayshet		55.93	97.99	0	38
Tulun		54.57	100.58	0	51
Usol’ye-Sibirskoye	Usolye-Sibirskoye	52.75	103.65	0	86
Ust’-Ilimsk	Ust-Ilimsk	58.00	102.66	0	100
Ust’-Kut	Ust-Kut	56.80	105.79	0	48
Vikhorevka		56.12	101.18	0	22
Zheleznogorsk-Ilimskiy		56.58	104.13	0	28
Zima		53.92	102.04	0	33
#r	Respublika Buryatiya
Gusinoozyorsk		51.28	106.50	0	24
Kyakhta		50.35	106.45	0	18
Severobaykal’sk	Severobaykalsk	55.64	109.33	0	26
Ulan-Ude		51.83	107.60	0	360
