#z	Asia/Seoul
#c	KR
#r	
Boseong		34.77	127.08	0	37
Chungju		36.98	127.93	0	209
Damyang		35.32	126.98	0	45
Hadong		35.07	127.75	0	41
Jangheung		34.68	126.91	0	35
Jangseong		35.30	126.78	0	42
Jeongeup		35.60	126.92	0	140
Jumunjin		37.89	128.83	0	21
Sejong		36.59	127.29	0	395
Yecheon		36.66	128.46	0	55
Yeongam		34.80	126.70	0	52
#r	Busan
Busan		35.10	129.03	0	3285
Gijang		35.24	129.21	0	176
#r	Chungcheongbuk-do
Cheongju-si		36.64	127.49	0	852
Chinch'ŏn	Chinch'on	36.86	127.44	0	61
Jungpyong		36.78	127.58	0	37
Koesan		36.81	127.79	0	44
Okcheon		36.30	127.57	0	57
Yeongdong		36.17	127.78	0	44
#r	Chungcheongnam-do
Asan		36.78	127.00	0	98
Boryeong		36.35	126.60	0	94
Buyeo		36.27	126.91	0	60
Cheonan		36.81	127.15	0	659
Gongju		36.46	127.12	0	72
Hongseong		36.60	126.67	0	89
Kinzan		36.10	127.49	0	25
Nonsan		36.20	127.08	0	44
Pyeongtaek		36.99	127.09	0	365
Seonghwan		36.92	127.13	0	29
Seosan		36.78	126.45	0	74
Taesal-li		36.97	126.45	0	23
Tangjin		36.89	126.63	0	33
Yesan		36.68	126.84	0	39
Yŏnmu	Yonmu	36.13	127.10	0	25
#r	Daegu
Daegu		35.87	128.59	0	2366
Hwawŏn	Hwawon	35.80	128.50	0	65
#r	Daejeon
Daejeon		36.35	127.38	0	1441
#r	Gangwon-do
Cheorwon		38.21	127.22	0	41
Chuncheon		37.87	127.73	0	285
Donghae City		37.54	129.11	0	101
Gangneung		37.75	128.87	0	208
Hongch’ŏn	Hongchon	37.69	127.89	0	75
Hwacheon		38.11	127.71	0	23
Kosong		38.38	128.47	0	62
Neietsu		37.18	128.47	0	25
Santyoku		37.44	129.17	0	42
Sokcho		38.21	128.59	0	81
T’aebaek	Taebaek	37.18	128.99	0	49
Wŏnju	Wonju	37.35	127.95	0	333
Yanggu		38.11	127.99	0	24
#r	Gwangju
Gwangju		35.15	126.92	0	1401
Masan		35.13	126.83	0	434
#r	Gyeonggi-do
Ansan-si		37.32	126.82	0	623
Anseong		37.01	127.27	0	69
Anyang-si		37.39	126.93	0	596
Bucheon-si		37.50	126.78	0	851
Gapyeong		37.83	127.51	0	55
Gimpo-si		37.62	126.71	0	203
Goyang-si		37.66	126.83	0	1062
Gunpo		37.37	126.95	0	286
Guri-si		37.60	127.14	0	195
Gwangju		37.41	127.26	0	82
Gwangmyeong		37.48	126.87	0	358
Hanam		37.54	127.21	0	254
Hwado		37.65	127.31	0	106
Hwaseong-si		37.21	126.82	0	641
Icheon-si		37.28	127.44	0	196
Munsan		37.86	126.78	0	43
Namyangju		37.64	127.21	0	91
Osan		37.15	127.07	0	239
Pubal		37.29	127.51	0	63
Seongnam-si		37.44	127.14	0	915
Siheungdong		37.45	126.91	0	128
Suwon		37.29	127.01	0	1235
Uijeongbu-si		37.74	127.05	0	479
Uiwang		37.37	126.95	0	63
Wabu		37.59	127.22	0	97
Yangju		37.83	127.06	0	180
Yangp'yŏng	Yangp'yong	37.49	127.49	0	83
Yeoju		37.30	127.63	0	112
#r	Gyeongsangbuk-do
Andong		36.57	128.72	0	153
Cheongsong gun		36.43	129.06	0	31
Eisen		35.97	128.93	0	56
Gimcheon		36.12	128.12	0	150
Gumi		36.11	128.34	0	405
Gyeongju		35.84	129.21	0	245
Gyeongsan-si		35.82	128.74	0	267
Hayang		35.91	128.82	0	27
Heunghae		36.11	129.35	0	36
Jenzan		36.24	128.30	0	21
Kunwi		36.23	128.57	0	34
Mungyeong		36.59	128.20	0	77
Pohang		36.03	129.36	0	492
Sangju		36.42	128.16	0	101
Waegwan		35.99	128.40	0	30
Yeongju		36.82	128.63	0	85
Yeonil		36.00	129.32	0	35
#r	Gyeongsangnam-do
Changnyeong		35.54	128.50	0	75
Changwon		35.23	128.68	0	1026
Chinju		35.19	128.08	0	307
Geoje		34.81	128.71	0	233
Goseong		34.98	128.32	0	27
Kimhae		35.23	128.88	0	532
Kyosai		34.85	128.59	0	72
Miryang		35.49	128.75	0	53
Naesŏ	Naeso	35.25	128.52	0	81
Sinhyeon		34.88	128.63	0	83
Tongyeong		34.85	128.43	0	71
Ungsang		35.41	129.17	0	83
Yangsan		35.34	129.03	0	358
#r	Incheon
Ganghwa-gun		37.75	126.49	0	26
Incheon		37.46	126.71	0	3015
#r	Jeju-do
Ara-dong		33.47	126.53	0	40
Gaigeturi		33.46	126.32	0	24
Ido-dong		33.50	126.53	0	49
Jeju City		33.51	126.52	0	489
Ora-dong		33.48	126.51	0	16
Seodong		33.48	126.49	0	43
Seogwipo		33.25	126.56	0	179
Tallang-dong		33.49	126.48	0	55
#r	Jeollabuk-do
Buan		35.73	126.73	0	22
Changsu		35.65	127.52	0	26
Gunsan		35.98	126.71	0	265
Iksan		35.94	126.95	0	307
Imsil		35.61	127.28	0	26
Jeonju		35.82	127.15	0	638
Jinan-gun		35.79	127.43	0	31
Kimje		35.80	126.89	0	45
Koch'ang		35.43	126.70	0	73
Namsa		35.93	127.05	0	24
Nangen		35.41	127.39	0	81
Wanju		35.85	127.15	0	84
#r	Jeollanam-do
Beolgyo		34.85	127.34	0	20
Gwangyang		34.94	127.70	0	154
Haenam		34.57	126.60	0	24
Hwasun		35.06	126.99	0	60
Kurye		35.21	127.46	0	30
Kwangyang		34.98	127.59	0	89
Mokpo		34.81	126.39	0	268
Muan		34.99	126.48	0	92
Naju		35.03	126.72	0	42
Sinan		34.83	126.11	0	53
Suncheon		34.95	127.49	0	276
Yeonggwang		35.28	126.51	0	52
Yeosu		34.76	127.66	0	269
#r	Seoul
Seoul		37.57	126.98	0	10349
#r	Ulsan
Ulsan		35.54	129.32	0	1098
