#z	Asia/Tehran
#c	IR
#r	
Ashkez̄ar	Ashkezar	32.00	54.21	0	19
Bahārestān	Baharestan	32.49	51.77	0	106
Bandar-e Emam Khomeyni		30.44	49.10	0	78
Būmahen	Bumahen	35.73	51.87	0	79
Chamrān	Chamran	30.71	49.16	0	34
Charām	Charam	30.76	50.75	0	15
Choghādak	Choghadak	28.99	51.04	0	19
Evaz		27.76	54.00	0	20
Galūgāh	Galugah	36.31	52.63	0	21
Hādīshahr	Hadishahr	38.85	45.66	0	34
Jālq	Jalq	27.60	62.71	0	18
Lavāsān	Lavasan	35.82	51.64	0	18
Marāgheh	Maragheh	35.83	59.63	0	263
Māhdāsht	Mahdasht	35.73	50.81	0	63
Māhān	Mahan	30.06	57.29	0	19
Pardīs	Pardis	35.75	51.81	0	114
Pīshīn	Pishin	26.08	61.75	0	16
Shahr-e Ṣadrā	Shahr-e Sadra	29.80	52.50	0	122
Shāl	Shal	35.90	49.77	0	15
Sīmīn Shahr	Simin Shahr	37.01	54.23	0	17
Āb Pakhsh	Ab Pakhsh	29.36	51.07	0	19
Ābādeh	Abadeh	28.83	53.17	0	59
Ḥamīdiyeh	Hamidiyeh	31.48	48.43	0	22
Ḩasanābād	Hasanabad	35.37	51.23	0	44
‘Ālī Shahr	Ali Shahr	28.93	51.07	0	23
#r	Alborz
Eshtehārd	Eshtehard	35.73	50.37	0	30
Fardīs	Fardis	35.76	51.00	0	181
Hashtgerd		35.96	50.68	0	56
Kamālshahr	Kamalshahr	35.86	50.87	0	142
Karaj		35.83	50.99	0	1448
Mehestan		35.99	50.75	0	85
Moḩammad Shahr	Mohammad Shahr	35.76	50.92	0	119
Naz̧arābād	Nazarabad	35.95	50.61	0	213
Shahrak-e Mohandesī-ye Zerā‘ī	Shahrak-e Mohandesi-ye Zerai	35.77	50.96	0	16
#r	Ardabil
Ardabīl	Ardabil	38.25	48.29	0	411
Germī	Germi	39.02	48.08	0	29
Khalkhāl	Khalkhal	37.62	48.53	0	51
Meshgīn Shahr	Meshgin Shahr	38.40	47.68	0	74
Pārsābād	Parsabad	39.65	47.92	0	103
#r	Azarbayjan-e Gharbi
Būkān	Bukan	36.52	46.21	0	194
Khūy	Khuy	38.55	44.95	0	199
Mahābād	Mahabad	36.76	45.72	0	168
Maku		39.29	44.46	0	47
Mīāndoāb	Miandoab	36.97	46.11	0	134
Naqadeh		36.96	45.39	0	82
Orūmīyeh	Orumiyeh	37.55	45.08	0	577
Oshnavīyeh	Oshnaviyeh	37.04	45.10	0	51
Piranshahr		36.70	45.14	0	168
Poldasht		39.35	45.07	0	42
Qarah Ẕīā’ od Dīn	Qarah Zia od Din	38.89	45.03	0	27
Salmās	Salmas	38.20	44.77	0	82
Sardasht		36.16	45.48	0	46
Seyah Cheshmeh		39.07	44.38	0	18
Showţ	Showt	39.22	44.77	0	25
Shāhīn Dezh	Shahin Dezh	36.68	46.57	0	41
Takāb	Takab	36.40	47.11	0	52
#r	Bushehr
Ahram		28.88	51.27	0	15
Bandar-e Deylam		30.05	50.16	0	26
Bandar-e Deyr		27.84	51.94	0	24
Bandar-e Genāveh	Bandar-e Genaveh	29.58	50.52	0	53
Bandar-e Kangān	Bandar-e Kangan	27.83	52.06	0	60
Borāzjān	Borazjan	29.27	51.22	0	111
Bushehr		28.97	50.84	0	165
Jam		27.83	52.33	0	31
Khūrmūj	Khurmuj	28.65	51.38	0	41
Makū	Maku	27.85	52.42	0	47
Nakhl-e Taqī	Nakhl-e Taqi	27.50	52.59	0	19
#r	Chahar Mahall va Bakhtiari
Borūjen	Borujen	31.97	51.29	0	57
Farrokh Shahr		32.27	50.98	0	32
Fārsān	Farsan	32.26	50.56	0	31
Hafshejān	Hafshejan	32.23	50.79	0	21
Lordegān	Lordegan	31.51	50.83	0	41
Shahr-e Kord		32.33	50.86	0	129
#r	East Azerbaijan
Ahar		38.48	47.07	0	101
Ajab Shīr	Ajab Shir	37.48	45.89	0	30
Bonāb	Bonab	37.34	46.06	0	80
Bostānābād	Bostanabad	37.85	46.84	0	22
Hashtrūd	Hashtrud	37.48	47.05	0	21
Khosrowshahr		37.95	46.05	0	22
Malekān	Malekan	37.14	46.10	0	27
Marand		38.43	45.77	0	124
Marāgheh	Maragheh	37.39	46.24	0	263
Mīāneh	Mianeh	37.42	47.72	0	106
Oskū	Osku	37.92	46.12	0	18
Sahand		37.95	46.11	0	82
Sardrūd	Sardrud	38.03	46.15	0	30
Sarāb	Sarab	37.94	47.54	0	45
Shabestar		38.18	45.70	0	22
Tabriz		38.08	46.29	0	1425
Āz̄arshahr	Azarshahr	37.76	45.98	0	45
Īlkhchī	Ilkhchi	37.94	45.98	0	17
#r	Fars
Abadeh		31.16	52.65	0	59
Arsanjān	Arsanjan	29.91	53.31	0	18
Dārāb	Darab	28.75	54.54	0	70
Eqlīd	Eqlid	30.90	52.70	0	44
Estahbān	Estahban	29.13	54.04	0	36
Farrāshband	Farrashband	28.86	52.09	0	20
Fasā	Fasa	28.94	53.65	0	98
Fīrūzābād	Firuzabad	28.84	52.57	0	65
Gerāsh	Gerash	27.67	54.14	0	34
Jahrom		28.50	53.56	0	142
Kavār	Kavar	29.21	52.69	0	32
Khonj		27.89	53.43	0	19
Kāzerūn	Kazerun	29.62	51.65	0	112
Lamerd		27.33	53.18	0	29
Lār	Lar	27.68	54.34	0	62
Marvdasht		29.87	52.80	0	149
Neyrīz	Neyriz	29.20	54.33	0	46
Nūrābād	Nurabad	30.11	51.52	0	57
Pāsārgād	Pasargad	30.20	53.18	0	30
Qā’emīyeh	Qaemiyeh	29.85	51.59	0	27
Qīr	Qir	28.48	53.03	0	20
Sarvestān	Sarvestan	29.27	53.22	0	18
Sa‘ādat Shahr	Saadat Shahr	30.08	53.13	0	17
Shiraz		29.61	52.53	0	1250
Surian		30.46	53.65	0	20
Zarqān	Zarqan	29.77	52.72	0	32
Şafāshahr	Safashahr	30.61	53.20	0	27
Ḩājjīābād	Hajjiabad	28.36	54.42	0	22
#r	Gilan
Amlash		37.10	50.19	0	15
Bandar-e Anzalī	Bandar-e Anzali	37.47	49.46	0	119
Fūman	Fuman	37.22	49.31	0	36
Hashtpar		37.80	48.91	0	45
Khomām	Khomam	37.39	49.66	0	21
Langarūd	Langarud	37.20	50.15	0	68
Lāhījān	Lahijan	37.20	50.01	0	101
Manjīl	Manjil	36.74	49.40	0	16
Māsāl	Masal	37.36	49.13	0	18
Pādegān-e Manjīl	Padegan-e Manjil	36.74	49.42	0	17
Rasht		37.28	49.59	0	595
Reẕvānshahr	Rezvanshahr	37.55	49.14	0	20
Rūdsar	Rudsar	37.14	50.29	0	48
Sīāhkal	Siahkal	37.15	49.87	0	20
Āstāneh-ye Ashrafīyeh	Astaneh-ye Ashrafiyeh	37.26	49.94	0	45
Āstārā	Astara	38.43	48.87	0	39
Şowme‘eh Sarā	Sowmeeh Sara	37.30	49.32	0	47
#r	Golestan
'Alī Ābād-e Katūl	'Ali Abad-e Katul	36.91	54.87	0	53
Bandar-e Gaz		36.77	53.95	0	21
Bandar-e Torkaman		36.90	54.07	0	54
Fāẕelābād	Fazelabad	36.90	54.75	0	19
Gomīshān	Gomishan	37.07	54.08	0	19
Gonbad-e Kāvūs	Gonbad-e Kavus	37.25	55.17	0	152
Gorgān	Gorgan	36.84	54.44	0	245
Gālīkesh	Galikesh	37.27	55.43	0	23
Kalāleh	Kalaleh	37.38	55.49	0	34
Kord Kūy	Kord Kuy	36.79	54.11	0	40
Mīnūdasht	Minudasht	37.23	55.37	0	30
Āq Qalā	Aq Qala	37.01	54.46	0	35
Āzādshahr	Azadshahr	37.09	55.17	0	48
#r	Hamadan
Asadābād	Asadabad	34.78	48.12	0	56
Bahār	Bahar	34.91	48.44	0	29
Hamadān	Hamadan	34.80	48.51	0	528
Kabūdarāhang	Kabudarahang	35.21	48.72	0	19
Malāyer	Malayer	34.30	48.82	0	170
Nahāvand	Nahavand	34.19	48.37	0	76
Tūyserkān	Tuyserkan	34.55	48.44	0	50
#r	Hormozgan
Bandar Abbas		27.19	56.28	0	352
Bandar-e Khamīr	Bandar-e Khamir	26.95	55.59	0	15
Bandar-e Kong		26.60	54.94	0	19
Bandar-e Lengeh		26.56	54.88	0	30
Jask		25.65	57.78	0	17
Kīsh	Kish	26.56	54.02	0	40
Mīnāb	Minab	27.13	57.09	0	98
Pārsiān	Parsian	27.21	53.04	0	18
Qeshm		26.95	56.27	0	25
Rūdān	Rudan	27.44	57.19	0	36
Ḩājjīābād	Hajjiabad	28.31	55.90	0	23
#r	Ilam
Darreh Shahr		33.14	47.38	0	25
Dehlorān	Dehloran	32.69	47.27	0	46
Eyvān	Eyvan	33.83	46.31	0	31
Ābdānān	Abdanan	32.99	47.42	0	24
Īlām	Ilam	33.64	46.42	0	141
#r	Isfahan
Abrīsham	Abrisham	32.56	51.57	0	20
Ardestān	Ardestan	33.38	52.37	0	16
Chamgordān	Chamgordan	32.39	51.34	0	16
Dastgerd		32.80	51.66	0	18
Dehāqān	Dehaqan	31.94	51.65	0	18
Dorcheh Pīāz	Dorcheh Piaz	32.62	51.56	0	37
Dowlatābād	Dowlatabad	32.80	51.70	0	34
Dārān	Daran	32.99	50.41	0	20
Dīzīcheh	Dizicheh	32.39	51.51	0	19
Falāvarjān	Falavarjan	32.56	51.51	0	50
Fūlād Shahr	Fulad Shahr	32.49	51.40	0	88
Gaz-e Borkhar		32.80	51.62	0	24
Goldasht		32.63	51.44	0	25
Golpāyegān	Golpayegan	33.45	50.29	0	59
Isfahan		32.65	51.67	0	1547
Kashan		33.98	51.43	0	304
Kelīshād va Sūdarjān	Kelishad va Sudarjan	32.55	51.53	0	26
Khomeynī Shahr	Khomeyni Shahr	32.69	51.54	0	277
Khowrzūq	Khowrzuq	32.78	51.65	0	29
Khānsār	Khansar	33.22	50.31	0	22
Kāshān	Kashan	34.00	51.44	0	304
Mobārakeh	Mobarakeh	32.35	51.50	0	69
Najafābād	Najafabad	32.63	51.37	0	235
Naţanz	Natanz	33.51	51.92	0	44
Nā’īn	Nain	32.86	53.09	0	27
Qahderījān	Qahderijan	32.58	51.45	0	29
Rehnān	Rehnan	32.68	51.60	0	49
Sedeh Lanjān	Sedeh Lanjan	32.38	51.32	0	19
Semīrom	Semirom	31.42	51.57	0	27
Shahreẕā	Shahreza	32.01	51.86	0	135
Shāhīn Shahr	Shahin Shahr	32.86	51.55	0	173
Tīrān	Tiran	32.70	51.15	0	22
Varnāmkhvāst	Varnamkhvast	32.36	51.38	0	19
Zarrīn Shahr	Zarrin Shahr	32.39	51.38	0	56
Ārān Bīdgol	Aran Bidgol	34.06	51.48	0	65
#r	Kerman
Anār	Anar	30.87	55.27	0	16
Bam		29.11	58.36	0	99
Baravāt	Baravat	29.07	58.40	0	23
Bardsīr	Bardsir	29.92	56.57	0	25
Bāft	Baft	29.23	56.60	0	35
Jīroft	Jiroft	28.68	57.74	0	130
Kahnūj	Kahnuj	27.94	57.70	0	53
Kerman		30.28	57.08	0	578
Manūjān	Manujan	27.40	57.50	0	16
Najafshahr		29.39	55.72	0	20
Rafsanjān	Rafsanjan	30.41	55.99	0	148
Rāvar	Ravar	31.27	56.81	0	40
Shahr-e Bābak	Shahr-e Babak	30.12	55.12	0	52
Sirjan		29.45	55.68	0	200
Zarand		30.81	56.56	0	59
‘Anbarābād	Anbarabad	28.48	57.85	0	18
#r	Kermanshah
Eslāmābād-e Gharb	Eslamabad-e Gharb	34.11	46.53	0	91
Harsīn	Harsin	34.27	47.59	0	58
Javānrūd	Javanrud	34.81	46.49	0	54
Kangāvar	Kangavar	34.50	47.97	0	51
Kermanshah		34.31	47.06	0	621
Pāveh	Paveh	35.04	46.36	0	26
Qaşr-e Shīrīn	Qasr-e Shirin	34.52	45.58	0	18
Ravānsar	Ravansar	34.72	46.65	0	25
Sarpol-e Z̄ahāb	Sarpol-e Zahab	34.46	45.86	0	45
Sonqor		34.78	47.60	0	44
Şaḩneh	Sahneh	34.48	47.69	0	36
#r	Khorasan-e Jonubi
Boshrūyeh	Boshruyeh	33.87	57.43	0	15
Bīrjand	Birjand	32.87	59.22	0	197
Ferdows		34.02	58.17	0	29
Nehbandān	Nehbandan	31.54	60.04	0	18
Qā’en	Qaen	33.73	59.18	0	40
#r	Khorasan-e Shomali
Bojnūrd	Bojnurd	37.47	57.33	0	192
Esfarāyen	Esfarayen	37.08	57.51	0	59
Jājarm	Jajarm	36.95	56.38	0	20
Shīrvān	Shirvan	37.40	57.93	0	83
Āshkhāneh	Ashkhaneh	37.56	56.92	0	25
#r	Khuzestan
Abadan		30.34	48.30	0	231
Aghajari		30.70	49.83	0	22
Ahvaz		31.32	48.68	0	841
Andīmeshk	Andimeshk	32.46	48.35	0	135
Bandar-e Māhshahr	Bandar-e Mahshahr	30.56	49.19	0	163
Behbahān	Behbahan	30.60	50.24	0	123
Bāgh-e Malek	Bagh-e Malek	31.52	49.89	0	26
Dezful		32.38	48.41	0	265
Gotvand		32.25	48.81	0	24
Haftkel		31.45	49.53	0	16
Hendījān	Hendijan	30.24	49.71	0	29
Hoveyzeh		31.46	48.07	0	19
Khorramshahr		30.44	48.18	0	331
Kūt-e ‘Abdollāh	Kut-e Abdollah	31.24	48.66	0	56
Lālī	Lali	32.33	49.09	0	18
Masjed Soleymān	Masjed Soleyman	31.94	49.30	0	100
Omīdīyeh	Omidiyeh	30.76	49.70	0	67
Rāmhormoz	Ramhormoz	31.28	49.60	0	74
Rāmshīr	Ramshir	30.89	49.41	0	25
Sheybān	Sheyban	31.41	48.79	0	36
Shādegān	Shadegan	30.65	48.66	0	42
Shūsh	Shush	32.19	48.24	0	77
Shūshtar	Shushtar	32.05	48.85	0	102
Sūsangerd	Susangerd	31.56	48.19	0	51
Veys		31.49	48.88	0	15
Īz̄eh	Izeh	31.83	49.87	0	119
‘Eyn-e Do	Eyn-e Do	31.35	48.60	0	18
#r	Kohgiluyeh va Buyer Ahmad
Dehdasht		30.79	50.57	0	57
Dogonbadan		30.36	50.80	0	97
Līkak	Likak	30.89	50.09	0	20
Mādavān	Madavan	30.72	51.54	0	18
Shahrak-e Ţāleqānī	Shahrak-e Taleqani	30.84	50.20	0	26
Yasuj		30.67	51.59	0	97
#r	Kordestan
Bāneh	Baneh	36.00	45.89	0	110
Bījār	Bijar	35.87	47.61	0	50
Dīvāndarreh	Divandarreh	35.91	47.02	0	34
Kāmyārān	Kamyaran	34.80	46.94	0	57
Marīvān	Marivan	35.52	46.18	0	137
Qorveh		35.17	47.81	0	88
Sanandaj		35.31	47.00	0	349
Saqqez		36.25	46.27	0	165
#r	Lorestan
Aleshtar		33.86	48.26	0	28
Alīgūdarz	Aligudarz	33.40	49.69	0	89
Aznā	Azna	33.61	48.93	0	47
Aznā	Azna	33.46	49.46	0	47
Borūjerd	Borujerd	33.90	48.75	0	252
Dorūd	Dorud	33.49	49.06	0	122
Khorramabad		33.49	48.36	0	330
Kūhdasht	Kuhdasht	33.53	47.61	0	89
Nūrābād	Nurabad	34.07	47.97	0	66
Poldokhtar		33.15	47.71	0	26
#r	Markazi
Arāk	Arak	34.09	49.70	0	504
Delījān	Delijan	33.99	50.68	0	34
Karahrūd	Karahrud	34.06	49.64	0	30
Khomeyn		33.64	50.08	0	77
Mahājerān	Mahajeran	34.05	49.43	0	20
Maḩallāt	Mahallat	33.91	50.45	0	43
Māmūnīyeh	Mamuniyeh	35.30	50.50	0	22
Shāzand	Shazand	33.93	49.41	0	21
Sāveh	Saveh	35.02	50.36	0	221
Tafresh		34.69	50.02	0	16
Ābyek	Abyek	36.07	50.55	0	55
#r	Mazandaran
Amīr Kolā	Amir Kola	36.60	52.67	0	30
Behshahr		36.69	53.55	0	95
Bābol	Babol	36.55	52.68	0	203
Bābolsar	Babolsar	36.70	52.65	0	48
Chālūs	Chalus	36.66	51.42	0	107
Fereydūn Kenār	Fereydun Kenar	36.68	52.52	0	34
Galūgāh	Galugah	36.73	53.81	0	21
Jūybār	Juybar	36.64	52.91	0	33
Katālem va Sādāt Shahr	Katalem va Sadat Shahr	36.89	50.70	0	21
Maḩmūdābād	Mahmudabad	36.63	52.26	0	32
Nekā	Neka	36.65	53.30	0	61
Nowshahr		36.65	51.50	0	40
Nūr	Nur	36.57	52.02	0	27
Qā’em Shahr	Qaem Shahr	36.47	52.87	0	205
Rāmsar	Ramsar	36.92	50.65	0	36
Sari		36.56	53.06	0	255
Tonekābon	Tonekabon	36.82	50.87	0	38
Zīr Āb	Zir Ab	36.18	52.97	0	16
Āmol	Amol	36.47	52.35	0	238
#r	Qazvin
Alvand		36.19	50.06	0	90
Bīdestān	Bidestan	36.23	50.12	0	18
Eqbālīyeh	Eqbaliyeh	36.23	49.92	0	55
Maḩmūdābād Nemūneh	Mahmudabad Nemuneh	36.29	49.90	0	22
Moḩammadīyeh	Mohammadiyeh	36.22	50.18	0	91
Qazvin		36.27	50.00	0	334
Sharīfābād	Sharifabad	36.21	50.15	0	20
Tākestān	Takestan	36.07	49.70	0	71
Ābyek	Abyek	36.04	50.53	0	60
#r	Qom
Qom		34.64	50.88	0	900
Shahrak-e Pardīsān	Shahrak-e Pardisan	34.56	50.80	0	100
#r	Razavi Khorasan
Bardaskan		35.26	57.97	0	28
Chenārān	Chenaran	36.65	59.12	0	54
Dargaz		37.44	59.11	0	37
Golbahār	Golbahar	36.57	59.19	0	37
Gonābād	Gonabad	34.35	58.68	0	43
Gorjī-ye Soflá	Gorji-ye Sofla	36.39	59.67	0	15
Khvāf	Khvaf	34.58	60.14	0	33
Kāshmar	Kashmar	35.24	58.47	0	132
Mashhad		36.30	59.61	0	2307
Neyshābūr	Neyshabur	36.21	58.80	0	221
Qūchān	Quchan	37.11	58.51	0	112
Sabzevar		36.21	57.68	0	244
Sarakhs		36.54	61.16	0	46
Torbat-e Jām	Torbat-e Jam	35.24	60.62	0	59
Torbat-e Ḩeydarīyeh	Torbat-e Heydariyeh	35.27	59.22	0	126
Tāybād	Taybad	34.74	60.78	0	38
Ţorqabeh	Torqabeh	36.31	59.37	0	21
#r	Semnan
Dāmghān	Damghan	36.17	54.34	0	68
Garmsār	Garmsar	35.22	52.34	0	49
Mahdishahr		35.71	53.35	0	21
Semnan		35.58	53.39	0	125
Shahrud		36.42	54.98	0	165
Īstgāh-e Rāh Āhan-e Garmsār	Istgah-e Rah Ahan-e Garmsar	35.23	52.31	0	49
#r	Sistan and Baluchestan
Chabahar		25.29	60.64	0	47
Iranshahr		27.20	60.68	0	131
Khāsh	Khash	28.22	61.22	0	70
Konārak	Konarak	25.36	60.40	0	43
Nīkshahr	Nikshahr	26.23	60.21	0	17
Qaşr-e Qand	Qasr-e Qand	26.25	60.75	0	38
Sarāvān	Saravan	27.37	62.33	0	60
Zahedan		29.50	60.86	0	552
Zābol	Zabol	31.03	61.49	0	122
#r	Tehran
Andīsheh	Andisheh	35.75	51.28	0	116
Bāghestān	Baghestan	35.65	51.13	0	84
Bāqershahr	Baqershahr	35.53	51.40	0	65
Chahār Dangeh	Chahar Dangeh	35.60	51.31	0	50
Damāvand	Damavand	35.72	52.07	0	29
Eqbālīyeh	Eqbaliyeh	35.30	51.54	0	37
Eslamshahr		35.55	51.24	0	450
Ferdowsīyeh	Ferdowsiyeh	35.60	51.06	0	34
Ferūnābād	Ferunabad	35.52	51.62	0	22
Fīrūzkūh	Firuzkuh	35.76	52.77	0	17
Garmdarreh		35.75	51.07	0	23
Golestān	Golestan	35.52	51.18	0	240
Kahrīzak	Kahrizak	35.35	51.84	0	38
Kahrīzak	Kahrizak	35.52	51.36	0	38
Khabarābād	Khabarabad	35.54	51.15	0	17
Malārd	Malard	35.67	50.98	0	57
Meshkīn Dasht	Meshkin Dasht	35.75	50.94	0	62
Mojtame‘-e Maskūnī-ye Nāmjū	Mojtame-e Maskuni-ye Namju	35.47	51.72	0	23
Morteẕá Gerd	Morteza Gerd	35.60	51.35	0	16
Nasimshahr		35.57	51.16	0	200
Nasirshahr		35.49	51.14	0	29
Nasīm Shahr	Nasim Shahr	35.57	51.16	0	200
Ovrīn	Ovrin	35.55	51.13	0	18
Parand		35.47	50.98	0	97
Pākdasht	Pakdasht	35.48	51.68	0	236
Pīshvā	Pishva	35.31	51.73	0	54
Qarchak		35.43	51.58	0	252
Qods		35.72	51.11	0	310
Qīāmdasht	Qiamdasht	35.52	51.65	0	36
Robāţ Karīm	Robat Karim	35.48	51.08	0	105
Rūdehen	Rudehen	35.73	51.91	0	29
Sa‘īdābād	Saidabad	35.67	51.19	0	16
Shahrak-e Qods		35.76	51.38	0	30
Shahrak-e ‘Alā’īn	Shahrak-e Alain	35.58	51.46	0	22
Shahre Jadide Andisheh		35.68	51.02	0	116
Shahrīār	Shahriar	35.66	51.06	0	310
Shāhedshahr	Shahedshahr	35.57	51.09	0	26
Tajrīsh	Tajrish	35.80	51.43	0	86
Tehran		35.69	51.42	0	7153
Varāmīn	Varamin	35.32	51.65	0	226
Vaḩīdīyeh	Vahidiyeh	35.71	51.47	0	33
Vaḩīdīyeh	Vahidiyeh	35.61	51.03	0	33
Şabbāshahr	Sabbashahr	35.58	51.11	0	54
Ṣafādasht	Safadasht	35.69	50.85	0	32
Ṣāleḥīeh	Salehieh	35.51	51.19	0	59
#r	Yazd
Abarkūh	Abarkuh	31.13	53.28	0	28
Ardakān	Ardakan	32.31	54.02	0	59
Bāfq	Bafq	31.60	55.40	0	45
Mahrīz	Mahriz	31.58	54.44	0	34
Meybod		32.25	54.02	0	52
Tabas		33.60	56.92	0	50
Taft		31.74	54.20	0	18
Yazd		31.90	54.37	0	478
#r	Zanjan
Abhar		36.15	49.22	0	70
Khorramdarreh		36.21	49.20	0	51
Qīdar	Qidar	36.11	48.59	0	35
Zanjan		36.68	48.50	0	357
