#z	Asia/Ulaanbaatar
#c	MN
#r	
Nalayh		47.77	107.28	0	40
#r	Arhangay
Tsetserleg		47.48	101.45	0	22
#r	Bayanhongor
Bayanhongor		46.19	100.72	0	31
#r	Bulgan
Bulgan		48.81	103.53	0	17
#r	Central Aimak
Dzuunmod		47.71	106.95	0	17
Zuunmod		47.71	106.95	0	17
#r	Darhan Uul
Darhan		49.49	105.92	0	84
#r	East Aimak
Choibalsan		48.07	114.53	0	45
#r	East Gobi Aymag
Saynshand		44.88	110.12	0	20
#r	Hentiy
Undurkhaan		47.32	110.66	0	23
#r	Hovsgol
Mörön	Moron	49.63	100.16	0	39
#r	OEmnoegovi
Dalandzadgad		43.57	104.42	0	25
#r	OEvoerhangay
Arvayheer		46.26	102.78	0	29
Bogd		44.67	102.17	0	28
#r	Orhon
Erdenet		49.03	104.08	0	98
#r	Selenge
Dzüünharaa	Dzuunharaa	48.85	106.46	0	19
Sühbaatar	Suhbaatar	50.23	106.21	0	23
#r	Suhbaatar
Baruun-Urt		46.68	113.28	0	18
#r	Ulaanbaatar
Ulan Bator		47.91	106.88	0	845
