#z	Indian/Mauritius
#c	MU
#r	Black River
Bambous		-20.26	57.41	0	18
#r	Flacq
Bel Air Rivière Sèche	Bel Air Riviere Seche	-20.26	57.75	0	18
Centre de Flacq		-20.19	57.71	0	18
#r	Grand Port
Mahébourg	Mahebourg	-20.41	57.70	0	17
#r	Moka
Saint Pierre		-20.22	57.53	0	17
#r	Pamplemousses
Baie du Tombeau		-20.12	57.49	0	15
Le Hochet		-20.14	57.53	0	16
Triolet		-20.06	57.55	0	24
#r	Plaines Wilhems
Beau Bassin-Rose Hill		-20.23	57.47	0	111
Curepipe		-20.32	57.53	0	79
Quatre Bornes		-20.26	57.48	0	77
Vacoas		-20.30	57.48	0	115
#r	Port Louis
Port Louis		-20.16	57.50	0	155
#r	Riviere du Rempart
Goodlands		-20.04	57.65	0	21
