#z	Europe/Athens
#c	GR
#r	Attica
Acharnés	Acharnes	38.08	23.73	0	99
Agios Dimitrios		37.93	23.73	0	71
Agios Ioannis Rentis		37.96	23.67	0	15
Agía Paraskeví	Agia Paraskevi	38.02	23.83	0	60
Agía Varvára	Agia Varvara	37.99	23.66	0	27
Aigáleo	Aigaleo	37.98	23.68	0	70
Argyroúpoli	Argyroupoli	37.91	23.75	0	34
Artémida	Artemida	37.97	24.00	0	22
Asprópyrgos	Aspropyrgos	38.06	23.59	0	30
Athens		37.98	23.73	0	664
Chaïdári	Chaidari	38.01	23.67	0	46
Cholargós	Cholargos	38.00	23.80	0	31
Dhafní	Dhafni	37.95	23.73	0	23
Elefsína	Elefsina	38.04	23.54	0	25
Ellinikó	Elliniko	37.89	23.74	0	17
Fylí	Fyli	38.10	23.67	0	48
Galátsi	Galatsi	38.02	23.75	0	59
Glyfáda	Glyfada	37.86	23.76	0	87
Gérakas	Gerakas	38.02	23.86	0	30
Ilioúpoli	Ilioupoli	37.93	23.77	0	78
Irákleio	Irakleio	38.05	23.77	0	50
Kaisarianí	Kaisariani	37.96	23.77	0	26
Kallithéa	Kallithea	37.95	23.70	0	101
Kamaterón	Kamateron	38.06	23.71	0	29
Keratsíni	Keratsini	37.96	23.62	0	77
Khalándrion	Khalandrion	38.02	23.80	0	74
Kifisiá	Kifisia	38.07	23.81	0	47
Koropí	Koropi	37.90	23.87	0	19
Korydallós	Korydallos	37.98	23.65	0	63
Maroúsi	Marousi	38.05	23.80	0	72
Melíssia	Melissia	38.05	23.83	0	23
Metamórfosi	Metamorfosi	38.07	23.76	0	30
Moskháton	Moskhaton	37.95	23.68	0	25
Mégara	Megara	37.99	23.34	0	23
Néa Erythraía	Nea Erythraia	38.09	23.82	0	19
Néa Filadélfeia	Nea Filadelfeia	38.03	23.74	0	26
Néa Ionía	Nea Ionia	38.04	23.76	0	67
Néa Mákri	Nea Makri	38.09	23.98	0	18
Néa Smýrni	Nea Smyrni	37.95	23.71	0	73
Níkaia	Nikaia	37.97	23.65	0	89
Palaió Fáliro	Palaio Faliro	37.93	23.70	0	64
Peristéri	Peristeri	38.02	23.69	0	140
Petroúpolis	Petroupolis	38.04	23.68	0	59
Piraeus		37.94	23.65	0	164
Péfki	Pefki	38.06	23.79	0	21
Pérama	Perama	37.97	23.57	0	25
Salamína	Salamina	37.96	23.50	0	25
Voúla	Voula	37.84	23.78	0	28
Vrilissia		38.03	23.83	0	31
Vári	Vari	37.83	23.80	0	17
Výronas	Vyronas	37.96	23.75	0	61
Zográfos	Zografos	37.98	23.77	0	71
Ágioi Anárgyroi	Agioi Anargyroi	38.03	23.72	0	34
Álimos	Alimos	37.91	23.72	0	42
Áno Liósia	Ano Liosia	38.08	23.70	0	34
Ílion	Ilion	38.03	23.70	0	85
#r	Central Greece
Chalkída	Chalkida	38.46	23.60	0	59
Lamía	Lamia	38.90	22.43	0	52
Livadeiá	Livadeia	38.44	22.88	0	21
Thívai	Thivai	38.33	23.32	0	32
#r	Central Macedonia
Chalkidóna	Chalkidona	40.73	22.60	0	30
Chortiátis	Chortiatis	40.61	23.10	0	18
Efkarpía	Efkarpia	40.69	22.95	0	15
Elefthério - Kordelió	Eleftherio - Kordelio	40.66	22.90	0	27
Giannitsá	Giannitsa	40.79	22.41	0	28
Kalamariá	Kalamaria	40.58	22.95	0	92
Kateríni	Katerini	40.27	22.51	0	53
Kilkís	Kilkis	40.99	22.87	0	23
Lagkadás	Lagkadas	40.75	23.07	0	37
Neapoli		40.65	22.94	0	26
Náousa	Naousa	40.63	22.07	0	20
Oraiókastro	Oraiokastro	40.73	22.92	0	21
Panórama	Panorama	40.59	23.03	0	17
Peraía	Peraia	40.50	22.93	0	18
Políchni	Polichni	40.67	22.95	0	39
Pylaía	Pylaia	40.60	22.99	0	37
Stavroúpoli	Stavroupoli	40.67	22.94	0	46
Sykiés	Sykies	40.65	22.95	0	45
Sérres	Serres	41.08	23.55	0	58
Thessaloníki	Thessaloniki	40.64	22.93	0	318
Véroia	Veroia	40.52	22.20	0	44
Édessa	Edessa	40.80	22.05	0	19
Évosmos	Evosmos	40.67	22.91	0	75
#r	Crete
Chaniá	Chania	35.51	24.03	0	54
Irákleion	Irakleion	35.33	25.14	0	137
Rethymno		35.37	24.48	0	32
#r	East Macedonia and Thrace
Alexandroupoli		40.85	25.88	0	53
Dráma	Drama	41.15	24.15	0	45
Kavála	Kavala	40.94	24.41	0	54
Komotiní	Komotini	41.12	25.41	0	46
Orestiáda	Orestiada	41.50	26.53	0	16
Xánthi	Xanthi	41.13	24.89	0	48
#r	Epirus
Ioánnina	Ioannina	39.66	20.85	0	66
Préveza	Preveza	38.96	20.75	0	17
Árta	Arta	39.16	20.99	0	22
#r	Ionian Islands
Corfu		39.62	19.92	0	40
#r	North Aegean
Chios		38.37	26.14	0	24
Mytilene		39.11	26.56	0	28
#r	Peloponnese
Kalamata		37.04	22.11	0	54
Kórinthos	Korinthos	37.94	22.95	0	30
Sparta		37.07	22.43	0	16
Trípoli	Tripoli	37.51	22.38	0	27
Árgos	Argos	37.63	22.73	0	22
#r	South Aegean
Kos		36.89	27.29	0	19
Ródos	Rodos	36.44	28.22	0	56
#r	Thessaly
Kardítsa	Karditsa	39.36	21.92	0	33
Lárisa	Larisa	39.63	22.42	0	147
Néa Ionía	Nea Ionia	39.38	22.93	0	32
Tríkala	Trikala	39.55	21.77	0	62
Volos		39.37	22.95	0	86
#r	West Greece
Agrínio	Agrinio	38.62	21.41	0	47
Amaliáda	Amaliada	37.80	21.35	0	17
Aígio	Aigio	38.25	22.08	0	20
Pátra	Patra	38.25	21.74	0	168
Pýrgos	Pyrgos	37.68	21.44	0	22
#r	West Macedonia
Flórina	Florina	40.78	21.41	0	18
Kozáni	Kozani	40.30	21.79	0	36
Ptolemaḯda	Ptolemaida	40.51	21.68	0	30
