#z	Europe/Tallinn
#c	EE
#r	Harju
Haabersti		59.42	24.65	0	51
Kesklinn		59.44	24.76	0	68
Kristiine		59.41	24.71	0	34
Lasnamäe	Lasnamae	59.43	24.86	0	115
Maardu		59.47	24.98	0	17
Mustamäe	Mustamae	59.40	24.68	0	68
Nõmme	Nomme	59.38	24.69	0	39
Pirita		59.47	24.84	0	18
Põhja-Tallinn	Pohja-Tallinn	59.45	24.70	0	63
Tallinn		59.44	24.75	0	394
#r	Ida-Virumaa
Kohtla-Järve	Kohtla-Jarve	59.40	27.27	0	35
Narva		59.38	28.19	0	54
#r	Paernumaa
Pärnu	Parnu	58.39	24.50	0	40
#r	Tartu
Tartu		58.38	26.73	0	91
#r	Viljandimaa
Viljandi		58.36	25.59	0	17
