#z	America/Costa_Rica
#c	CR
#r	Alajuela
Alajuela		10.02	-84.21	0	47
Quesada		10.33	-84.43	0	27
San José	San Jose	10.95	-85.14	0	31
#r	Cartago
Cartago		9.86	-83.92	0	27
Paraíso	Paraiso	9.84	-83.87	0	40
San Diego		9.90	-84.00	0	17
Turrialba		9.90	-83.68	0	29
#r	Guanacaste
Cañas	Canas	10.43	-85.10	0	20
Liberia		10.64	-85.44	0	45
Nicoya		10.15	-85.45	0	15
#r	Heredia
Heredia		10.00	-84.12	0	22
Mercedes Norte		10.01	-84.13	0	26
San Francisco		9.99	-84.13	0	56
San Pablo		10.00	-84.10	0	22
#r	Limon
Guápiles	Guapiles	10.22	-83.78	0	19
Limón	Limon	9.99	-83.04	0	63
Siquirres		10.10	-83.51	0	18
#r	Puntarenas
Chacarita		9.98	-84.78	0	26
Esparza		9.99	-84.67	0	16
Puntarenas		9.98	-84.84	0	36
#r	San Jose
Aserrí	Aserri	9.86	-84.09	0	26
Calle Blancos		9.95	-84.07	0	21
Colima		9.96	-84.08	0	16
Curridabat		9.91	-84.04	0	35
Guadalupe		9.95	-84.06	0	26
Ipís	Ipis	9.97	-84.02	0	27
Patarrá	Patarra	9.88	-84.04	0	24
Purral		9.96	-84.03	0	30
San Felipe		9.90	-84.11	0	25
San Isidro		9.37	-83.70	0	35
San José	San Jose	9.93	-84.08	0	335
San Juan		9.96	-84.08	0	26
San Juan de Dios		9.88	-84.08	0	15
San Miguel		9.87	-84.06	0	29
San Pedro		9.93	-84.05	0	27
San Rafael		9.93	-84.14	0	25
San Rafael Abajo		9.83	-84.29	0	27
San Rafael Arriba		9.88	-84.07	0	15
San Vicente		9.96	-84.05	0	34
San Vicente de Moravia		9.96	-84.05	0	34
Tejar		9.74	-84.23	0	22
