#z	America/Guayaquil
#c	EC
#r	
Arenillas		-3.55	-80.07	0	26
Pomasqui		-0.05	-78.45	0	29
Posorja		-2.71	-80.25	0	31
#r	Azuay
Cuenca		-2.90	-79.00	0	637
Gualaceo		-2.89	-78.78	0	17
#r	Bolivar
Guaranda		-1.59	-79.00	0	22
#r	Canar
Azogues		-2.74	-78.85	0	35
La Troncal		-2.42	-79.34	0	36
#r	Carchi
Tulcán	Tulcan	0.81	-77.72	0	86
#r	Chimborazo
Riobamba		-1.67	-78.66	0	264
#r	Cotopaxi
La Maná	La Mana	-0.94	-79.23	0	16
Latacunga		-0.93	-78.62	0	206
Pujilí	Pujili	-0.96	-78.70	0	16
Valencia		-0.95	-79.36	0	19
#r	El Oro
Guabo		-3.24	-79.83	0	27
Huaquillas		-3.48	-80.23	0	40
Machala		-3.26	-79.96	0	289
Pasaje		-3.33	-79.81	0	45
Piñas	Pinas	-3.68	-79.68	0	17
Santa Rosa		-3.46	-79.96	0	42
#r	Esmeraldas
Esmeraldas		0.96	-79.65	0	219
Rosa Zarate		0.33	-79.47	0	42
San Lorenzo de Esmeraldas		1.29	-78.84	0	20
#r	Guayas
Balzar		-1.37	-79.91	0	40
Daule		-1.86	-79.98	0	174
El Empalme		-1.04	-79.64	0	49
El Triunfo		-1.93	-79.97	0	32
Eloy Alfaro		-2.17	-79.84	0	316
Guayaquil		-2.20	-79.89	0	2724
La Libertad		-2.23	-80.91	0	76
Milagro		-2.13	-79.59	0	134
Naranjal		-2.68	-79.62	0	32
Naranjito		-2.17	-79.47	0	34
Pedro Carbo		-1.82	-80.23	0	23
Playas		-2.63	-80.39	0	31
Samborondón	Samborondon	-1.96	-79.73	0	24
Yaguachi Nuevo		-2.10	-79.69	0	28
#r	Imbabura
Atuntaqui		0.33	-78.22	0	17
Ibarra		0.35	-78.12	0	221
Otavalo		0.23	-78.26	0	32
#r	Loja
Cariamanga		-4.33	-79.56	0	17
Catamayo		-3.99	-79.36	0	19
Loja		-3.99	-79.20	0	274
#r	Los Rios
Babahoyo		-1.80	-79.52	0	76
Montalvo		-1.79	-79.29	0	16
Quevedo		-1.03	-79.46	0	214
Ventanas		-1.44	-79.46	0	38
Vinces		-1.56	-79.75	0	32
#r	Manabi
Bahía de Caráquez	Bahia de Caraquez	-0.60	-80.42	0	37
Calceta		-0.85	-80.16	0	17
Chone		-0.70	-80.09	0	45
Jipijapa		-1.35	-80.58	0	36
Manta		-0.95	-80.73	0	264
Montecristi		-1.05	-80.66	0	18
Portoviejo		-1.06	-80.45	0	322
Sucre		-1.28	-80.42	0	15
#r	Morona-Santiago
Macas		-2.31	-78.12	0	24
#r	Napo
Tena		-1.00	-77.81	0	17
#r	Orellana
Boca Suno		-0.70	-77.14	0	20
Puerto Francisco de Orellana		-0.45	-77.00	0	48
#r	Pastaza
Puyo		-1.49	-78.00	0	25
#r	Pichincha
Cayambe		0.04	-78.15	0	27
Machachi		-0.51	-78.57	0	26
Quito		-0.23	-78.52	0	2782
#r	Santa Elena
Salinas		-2.21	-80.95	0	44
Santa Elena		-2.23	-80.86	0	42
#r	Santo Domingo de los Tsachilas
Santo Domingo de los Colorados		-0.25	-79.18	0	459
#r	Sucumbios
Nueva Loja		0.09	-76.90	0	24
#r	Tungurahua
Ambato		-1.25	-78.62	0	387
Pelileo		-1.33	-78.55	0	17
#r	Zamora-Chinchipe
Zamora		-4.06	-78.95	0	15
