#z	America/Hermosillo
#c	MX
#r	Sonora
Agua Prieta		31.32	-109.54	0	77
Cananea		30.98	-110.30	0	32
Ciudad Obregón	Ciudad Obregon	27.49	-109.94	0	329
Empalme		27.96	-110.81	0	43
Esperanza		27.58	-109.93	0	39
Hermosillo		29.09	-110.97	0	812
Heroica Caborca		30.72	-112.16	0	60
Heroica Guaymas		27.92	-110.90	0	117
Huatabampo		26.83	-109.64	0	30
Magdalena de Kino		30.63	-110.96	0	27
Miguel Alemán (La Doce)	Miguel Aleman (La Doce)	28.84	-111.48	0	31
Navojoa		27.07	-109.44	0	114
Nogales		31.31	-110.94	0	265
Puerto Peñasco	Puerto Penasco	31.32	-113.54	0	63
San Luis Río Colorado	San Luis Rio Colorado	32.46	-114.77	0	177
