#z	America/Montevideo
#c	UY
#r	Artigas
Artigas		-30.40	-56.47	0	44
#r	Canelones
Barros Blancos		-34.75	-56.00	0	32
Canelones		-34.52	-56.28	0	24
La Paz		-34.76	-56.23	0	20
Las Piedras		-34.73	-56.22	0	70
Pando		-34.72	-55.96	0	24
Paso de Carrasco		-34.86	-56.05	0	15
Progreso		-34.67	-56.22	0	16
Santa Lucía	Santa Lucia	-34.45	-56.39	0	16
#r	Cerro Largo
Melo		-32.37	-54.16	0	56
#r	Colonia
Carmelo		-34.00	-58.28	0	18
Colonia del Sacramento		-34.46	-57.84	0	32
#r	Durazno
Durazno		-33.38	-56.52	0	40
#r	Flores
Trinidad		-33.52	-56.90	0	23
#r	Florida
Florida		-34.10	-56.21	0	36
#r	Lavalleja
Minas		-34.38	-55.24	0	39
#r	Maldonado
Maldonado		-34.90	-54.95	0	102
San Carlos		-34.79	-54.92	0	27
#r	Montevideo
Montevideo		-34.90	-56.19	0	1271
#r	Paysandu
Paysandú	Paysandu	-32.32	-58.08	0	82
#r	Rio Negro
Fray Bentos		-33.12	-58.31	0	26
Young		-32.70	-57.63	0	17
#r	Rivera
Rivera		-30.91	-55.55	0	85
#r	Rocha
Rocha		-34.48	-54.33	0	27
#r	Salto
Salto		-31.39	-57.96	0	114
#r	San Jose
Delta del Tigre		-34.76	-56.36	0	18
San José de Mayo	San Jose de Mayo	-34.34	-56.71	0	36
#r	Soriano
Dolores		-33.53	-58.22	0	17
Mercedes		-33.25	-58.03	0	44
#r	Tacuarembo
Tacuarembó	Tacuarembo	-31.72	-55.98	0	61
#r	Treinta y Tres
Treinta y Tres		-33.23	-54.39	0	26
