#z	America/Porto_Velho
#c	BR
#r	
Alta Floresta d'Oeste		-11.97	-61.95	0	21
Alto Paraíso	Alto Paraiso	-9.72	-63.31	0	16
Buritis		-10.21	-63.83	0	28
Candeias do Jamari		-8.81	-63.70	0	22
Cerejeiras		-13.19	-60.81	0	16
Colorado do Oeste		-13.12	-60.54	0	16
Espigão dOeste	Espigao dOeste	-11.52	-61.01	0	29
Machadinho d'Oeste		-9.44	-61.98	0	31
Nova Mamoré	Nova Mamore	-10.40	-65.33	0	25
Rolim de Moura		-11.80	-61.80	0	56
São Francisco do Guaporé	Sao Francisco do Guapore	-12.05	-63.57	0	16
São Miguel do Guaporé	Sao Miguel do Guapore	-11.69	-62.71	0	22
#r	Rondonia
Ariquemes		-9.91	-63.04	0	97
Cacoal		-11.44	-61.45	0	87
Guajará Mirim	Guajara Mirim	-10.78	-65.34	0	39
Jaru		-10.44	-62.47	0	51
Ji Paraná	Ji Parana	-10.89	-61.95	0	124
Ouro Preto do Oeste		-10.75	-62.22	0	35
Pimenta Bueno		-11.67	-61.19	0	35
Porto Velho		-8.76	-63.90	0	549
Presidente Médici	Presidente Medici	-11.18	-61.90	0	19
Rolim de Moura do Guaporé	Rolim de Moura do Guapore	-13.08	-62.28	0	38
Vilhena		-12.74	-60.15	0	96
