#z	America/Port_of_Spain
#c	TT
#r	Borough of Arima
Arima		10.64	-61.28	0	35
#r	Chaguanas
Chaguanas		10.52	-61.42	0	67
#r	City of Port of Spain
Port of Spain		10.67	-61.52	0	49
#r	City of San Fernando
Marabella		10.31	-61.45	0	27
Mon Repos		10.28	-61.45	0	56
San Fernando		10.28	-61.47	0	55
#r	Diego Martin
Diego Martin		10.72	-61.57	0	25
#r	Mayaro
Rio Claro		10.31	-61.18	0	36
#r	Point Fortin
Point Fortin		10.17	-61.68	0	19
#r	San Juan/Laventille
Laventille		10.65	-61.50	0	21
#r	Sangre Grande
Sangre Grande		10.59	-61.13	0	16
#r	Tobago
Scarborough		11.18	-60.74	0	17
#r	Tunapuna/Piarco
Paradise		10.65	-61.36	0	15
Tunapuna		10.65	-61.39	0	18
