#z	America/Recife
#c	BR
#r	
Afrânio	Afranio	-8.52	-41.01	0	19
Bodocó	Bodoco	-7.78	-39.94	0	36
Carnaíba	Carnaiba	-7.81	-37.79	0	20
Dormentes		-8.45	-40.77	0	18
Iati		-9.05	-36.85	0	18
Inajá	Inaja	-8.90	-37.82	0	27
Jataúba	Jatauba	-7.99	-36.50	0	16
Lagoa Grande		-9.00	-40.27	0	24
Manari		-8.96	-37.63	0	24
Petrolândia	Petrolandia	-8.98	-38.22	0	34
Serrita		-7.93	-39.30	0	18
São Bento do Una	Sao Bento do Una	-8.52	-36.44	0	49
São Caitano	Sao Caitano	-8.33	-36.14	0	37
Tacaratu		-9.11	-38.15	0	24
#r	Alagoas
Colônia Leopoldina	Colonia Leopoldina	-8.91	-35.73	0	16
Correntes		-9.13	-36.33	0	18
#r	Paraiba
Ferreiros		-7.45	-35.24	0	16
Itambé	Itambe	-7.41	-35.11	0	37
#r	Pernambuco
Abreu e Lima		-7.91	-34.90	0	104
Afogados da Ingazeira		-7.75	-37.64	0	42
Agrestina		-8.46	-35.94	0	25
Aliança	Alianca	-7.60	-35.23	0	37
Altinho		-8.49	-36.06	0	21
Amaraji		-8.38	-35.45	0	18
Araripina		-7.58	-40.50	0	90
Araçoiaba	Aracoiaba	-7.79	-35.09	0	20
Arcoverde		-8.42	-37.05	0	82
Barreiros		-8.82	-35.19	0	42
Belo Jardim		-8.34	-36.42	0	84
Belém de São Francisco	Belem de Sao Francisco	-8.75	-38.97	0	19
Bezerros		-8.23	-35.80	0	65
Bom Conselho		-9.17	-36.68	0	46
Bom Jardim		-7.80	-35.59	0	39
Bonito		-8.47	-35.73	0	39
Brejo da Madre de Deus		-8.15	-36.37	0	51
Buíque	Buique	-8.62	-37.16	0	54
Cabo de Santo Agostinho		-8.29	-35.03	0	217
Cabrobó	Cabrobo	-8.51	-39.31	0	32
Cachoeirinha		-8.49	-36.23	0	21
Caetés	Caetes	-8.77	-36.62	0	30
Camaragibe		-8.02	-34.98	0	156
Camocim de São Félix	Camocim de Sao Felix	-8.36	-35.76	0	18
Canhotinho		-8.88	-36.19	0	25
Capoeiras		-8.73	-36.63	0	19
Carpina		-7.85	-35.25	0	83
Caruaru		-8.28	-35.98	0	402
Catende		-8.67	-35.72	0	33
Chã Grande	Cha Grande	-8.24	-35.46	0	21
Condado		-7.59	-35.11	0	25
Cumaru		-8.01	-35.70	0	16
Cupira		-8.62	-35.95	0	24
Custódia	Custodia	-8.09	-37.64	0	39
Escada		-8.36	-35.22	0	62
Exu		-7.51	-39.72	0	33
Feira Nova		-7.95	-35.39	0	22
Flores		-7.87	-37.97	0	21
Floresta		-8.60	-38.57	0	32
Gameleira		-8.58	-35.39	0	18
Garanhuns		-8.88	-36.50	0	151
Glória do Goitá	Gloria do Goita	-8.00	-35.29	0	30
Goiana		-7.56	-35.00	0	85
Gravatá	Gravata	-8.20	-35.56	0	92
Ibimirim		-8.54	-37.69	0	29
Igarassu		-7.83	-34.91	0	122
Ilha de Itamaracá	Ilha de Itamaraca	-7.75	-34.83	0	26
Ipojuca		-8.40	-35.06	0	106
Ipubi		-7.65	-40.15	0	31
Itapissuma		-7.78	-34.89	0	28
Itaquitinga		-7.67	-35.10	0	17
Itaíba	Itaiba	-8.95	-37.42	0	34
Jaboatão dos Guararapes	Jaboatao dos Guararapes	-8.11	-35.01	0	644
João Alfredo	Joao Alfredo	-7.86	-35.59	0	28
Jupi		-8.71	-36.41	0	15
Lagoa do Carro		-7.84	-35.32	0	18
Lagoa do Itaenga		-7.94	-35.29	0	19
Lajedo		-8.66	-36.32	0	40
Limoeiro		-7.87	-35.45	0	57
Macaparana		-7.55	-35.45	0	24
Moreno		-8.12	-35.09	0	55
Nazaré da Mata	Nazare da Mata	-7.74	-35.23	0	31
Olinda		-8.01	-34.86	0	367
Orobó	Orobo	-7.75	-35.60	0	22
Ouricuri		-7.88	-40.08	0	65
Palmares		-8.68	-35.59	0	55
Panelas		-8.66	-36.01	0	23
Parnamirim		-8.09	-39.58	0	19
Passira		-8.00	-35.58	0	28
Paudalho		-7.90	-35.18	0	57
Paulista		-7.94	-34.87	0	342
Pedra		-8.50	-36.94	0	23
Pesqueira		-8.36	-36.70	0	63
Petrolina		-9.40	-40.50	0	387
Pombos		-8.14	-35.40	0	28
Quipapá	Quipapa	-8.83	-36.01	0	18
Recife		-8.05	-34.88	0	1653
Riacho das Almas		-8.13	-35.86	0	21
Ribeirão	Ribeirao	-8.51	-35.38	0	34
Rio Formoso		-8.67	-35.16	0	20
Salgueiro		-8.07	-39.12	0	62
Sanharó	Sanharo	-8.36	-36.57	0	19
Santa Cruz do Capibaribe		-7.96	-36.20	0	98
Serra Talhada		-7.99	-38.30	0	87
Sertânia	Sertania	-8.07	-37.26	0	33
Sirinhaém	Sirinhaem	-8.59	-35.12	0	41
Surubim		-7.83	-35.75	0	64
São Joaquim do Monte	Sao Joaquim do Monte	-8.43	-35.80	0	20
São José da Coroa Grande	Sao Jose da Coroa Grande	-8.90	-35.15	0	19
São José do Belmonte	Sao Jose do Belmonte	-7.86	-38.76	0	35
São José do Egito	Sao Jose do Egito	-7.48	-37.27	0	31
São João	Sao Joao	-8.88	-36.37	0	24
São Lourenço da Mata	Sao Lourenco da Mata	-8.00	-35.02	0	111
São Vicente Férrer	Sao Vicente Ferrer	-7.59	-35.49	0	17
Tabira		-7.59	-37.54	0	28
Tamandaré	Tamandare	-8.76	-35.10	0	24
Taquaritinga do Norte		-7.90	-36.04	0	25
Timbaúba	Timbauba	-7.51	-35.32	0	46
Toritama		-8.01	-36.06	0	41
Trindade		-7.76	-40.27	0	30
Tupanatinga		-8.75	-37.34	0	27
Venturosa		-8.57	-36.87	0	17
Vertentes		-7.90	-35.99	0	22
Vicência	Vicencia	-7.66	-35.33	0	26
Vitória de Santo Antão	Vitoria de Santo Antao	-8.12	-35.29	0	134
Água Preta	Agua Preta	-8.71	-35.53	0	27
Águas Belas	Aguas Belas	-9.11	-37.12	0	44
