#z	America/Rio_Branco
#c	BR
#r	
Porto Acre		-9.59	-67.53	0	17
#r	Acre
Brasiléia	Brasileia	-11.02	-68.75	0	26
Cruzeiro do Sul		-7.63	-72.68	0	92
Epitaciolândia	Epitaciolandia	-11.03	-68.74	0	19
Feijó	Feijo	-8.17	-70.35	0	35
Marechal Thaumaturgo		-8.94	-72.79	0	17
Mâncio Lima	Mancio Lima	-7.61	-72.90	0	19
Plácido de Castro	Placido de Castro	-10.34	-67.19	0	17
Rio Branco		-9.97	-67.81	0	419
Sena Madureira		-9.06	-68.67	0	41
Senador Guiomard		-10.15	-67.74	0	23
Tarauacá	Tarauaca	-8.16	-70.77	0	43
Xapuri		-10.65	-68.50	0	18
