#z	America/Santarem
#c	BR
#r	
Aveiro		-3.61	-55.33	0	18
Belterra		-2.64	-54.94	0	18
Brasil Novo		-3.31	-52.54	0	25
Medicilândia	Medicilandia	-3.45	-52.89	0	27
Mojuí dos Campos	Mojui dos Campos	-2.68	-54.64	0	24
Novo Progresso		-7.15	-55.38	0	34
Placas		-3.87	-54.22	0	19
Rurópolis	Ruropolis	-4.10	-54.91	0	36
Trairão	Trairao	-4.57	-55.94	0	15
Uruará	Uruara	-3.72	-53.74	0	44
Vitória do Xingu	Vitoria do Xingu	-2.88	-52.01	0	16
#r	Amazonas
Nhamundá	Nhamunda	-2.19	-56.71	0	21
#r	Para
Alenquer		-1.94	-54.74	0	69
Almeirim		-1.52	-52.58	0	34
Altamira		-3.20	-52.21	0	126
Itaituba		-4.28	-55.98	0	123
Jacareacanga		-6.22	-57.75	0	24
Juruti		-2.15	-56.09	0	51
Monte Alegre		-2.00	-54.08	0	60
Oriximiná	Oriximina	-1.77	-55.87	0	68
Porto de Moz		-1.75	-52.24	0	41
Prainha		-1.80	-53.48	0	36
Santarém	Santarem	-2.44	-54.71	0	189
Terra Santa		-2.10	-56.49	0	19
Óbidos	Obidos	-1.92	-55.52	0	52
