#z	Africa/Bangui
#c	CF
#r	
Abba		5.33	15.15	0	20
Baboua		5.80	14.83	0	34
Bobangui		4.05	18.12	0	16
Bocaranga		6.99	15.64	0	36
Bossembélé	Bossembele	5.27	17.65	0	17
Dekoa		6.32	19.08	0	20
Yaloké	Yaloke	5.32	17.10	0	22
#r	Bamingui-Bangoran
Ndélé	Ndele	8.41	20.65	0	27
#r	Bangui
Bangui		4.36	18.55	0	812
Bégoua	Begoua	4.45	18.53	0	264
#r	Basse-Kotto
Alindao		5.03	21.21	0	33
#r	Haut-Mbomou
Zemio		5.03	25.14	0	18
#r	Haute-Kotto
Bria		6.54	21.99	0	47
#r	Kemo
Sibut		5.72	19.07	0	32
#r	Lobaye
Mbaïki	Mbaiki	3.87	17.99	0	22
#r	Mambere-Kadei
Berbérati	Berberati	4.26	15.79	0	104
Carnot		4.94	15.88	0	129
#r	Mbomou
Bangassou		4.74	22.82	0	54
#r	Nana-Grebizi
Kaga-Bandoro		6.99	19.19	0	55
#r	Nana-Mambere
Baoro		5.67	15.97	0	18
Bouar		5.93	15.60	0	72
#r	Ombella-Mpoko
Bimbo		4.26	18.42	0	349
Boali		4.80	18.13	0	18
#r	Ouaka
Bambari		5.77	20.68	0	83
Ippy		6.27	21.22	0	28
Kouango		4.99	19.96	0	37
#r	Ouham
Batangafo		7.30	18.28	0	24
Bossangoa		6.49	17.46	0	55
Bouca		6.51	18.28	0	19
Kabo		7.70	18.63	0	16
#r	Ouham-Pende
Bozoum		6.32	16.38	0	21
Paoua		7.24	16.44	0	48
#r	Sangha-Mbaere
Nola		3.52	16.05	0	32
