#z	Africa/Douala
#c	CM
#r	
Blangwa		12.78	14.55	0	27
Ekondo Titi		4.60	9.04	0	24
Figuil		9.76	13.96	0	32
Guidiguis		10.13	14.71	0	25
Maga		10.84	14.94	0	24
Magba		5.95	11.22	0	31
Makak		3.55	11.03	0	29
Ndop		5.99	10.44	0	40
Ngaoundal		6.50	13.27	0	40
Nkambe		6.63	10.67	0	27
Oku		6.25	10.43	0	44
Tchéboa	Tcheboa	9.03	13.18	0	35
Touboro		7.77	15.36	0	29
#r	Adamaoua
Banyo		6.75	11.82	0	48
Meïganga	Meiganga	6.52	14.30	0	59
Ngaoundéré	Ngaoundere	7.33	13.58	0	238
Tibati		6.47	12.63	0	36
#r	Centre
Akonolinga		3.77	12.25	0	30
Bafia		4.75	11.23	0	74
Eséka	Eseka	3.65	10.77	0	28
Mbalmayo		3.52	11.50	0	82
Mbandjok		4.45	11.90	0	29
Nanga Eboko		4.68	12.37	0	29
Nkoteng		4.52	12.03	0	28
Obala		4.17	11.53	0	45
Okoa		3.98	11.60	0	24
Yaoundé	Yaounde	3.87	11.52	0	1299
#r	East
Abong Mbang		3.98	13.18	0	24
Batouri		4.43	14.37	0	49
Bertoua		4.58	13.68	0	138
Bélabo	Belabo	4.93	13.30	0	24
Garoua Boulaï	Garoua Boulai	5.88	14.55	0	47
Yokadouma		3.52	15.05	0	33
#r	Far North
Bogo		10.73	14.61	0	33
Kaélé	Kaele	10.11	14.45	0	33
Kousséri	Kousseri	12.08	15.03	0	139
Maroua		10.59	14.32	0	314
Mokolo		10.74	13.80	0	52
Mora		11.05	14.14	0	62
Yagoua		10.34	15.23	0	59
#r	Littoral
Dizangué	Dizangue	3.77	9.98	0	19
Douala		4.05	9.70	0	1338
Edéa	Edea	3.80	10.13	0	104
Kekem		5.16	10.02	0	27
Loum		4.72	9.74	0	59
Manjo		4.84	9.82	0	42
Mbanga		4.50	9.57	0	44
Melong		5.12	9.96	0	77
Njombé	Njombe	4.58	9.66	0	27
Nkongsamba		4.95	9.94	0	162
Penja		4.64	9.68	0	21
Souza Gare		4.23	9.62	0	25
Tombel		4.75	9.67	0	24
#r	North Province
Garoua		9.30	13.40	0	35
Guider		9.93	13.95	0	82
Lagdo		9.06	13.67	0	34
Pitoa		9.38	13.50	0	34
Tcholliré	Tchollire	8.40	14.17	0	23
#r	North-West Province
Bafut		6.08	10.10	0	26
Bali		5.89	10.01	0	27
Bamenda		5.96	10.15	0	420
Fundong		6.28	10.28	0	44
Kumbo		6.20	10.67	0	125
Wum		6.38	10.07	0	42
#r	South Province
Ambam		2.38	11.28	0	25
Kribi		2.94	9.91	0	93
Lolodorf		3.23	10.73	0	22
Sangmélima	Sangmelima	2.93	11.98	0	80
Ébolowa	Ebolowa	2.90	11.15	0	101
#r	South-West Province
Bamusso		4.46	8.90	0	25
Buea		4.15	9.24	0	141
Fontem		5.47	9.88	0	43
Kumba		4.64	9.45	0	225
Limbe		4.02	9.21	0	131
Mamfe		5.75	9.31	0	20
Mutengene		4.09	9.31	0	64
Muyuka		4.29	9.41	0	44
Tiko		4.08	9.36	0	95
#r	West
Bafang		5.16	10.18	0	55
Bafoussam		5.48	10.42	0	373
Bandjoun		5.38	10.41	0	32
Bangangté	Bangangte	5.14	10.53	0	44
Dschang		5.44	10.05	0	100
Foumban		5.73	10.90	0	130
Foumbot		5.51	10.63	0	74
Mbouda		5.63	10.25	0	72
Tonga		4.97	10.70	0	16
