#z	Africa/Lome
#c	TG
#r	
Anié	Anie	7.75	1.20	0	37
Sinkassé	Sinkasse	11.10	0.01	0	27
#r	Centrale
Sokodé	Sokode	8.98	1.13	0	118
Sotouboua		8.56	0.98	0	24
Tchamba		9.03	1.42	0	26
#r	Kara
Bafilo		9.35	1.27	0	23
Bassar		9.25	0.78	0	62
Kara		9.55	1.19	0	104
Niamtougou		9.77	1.11	0	23
#r	Maritime
Aného	Aneho	6.23	1.59	0	48
Lomé	Lome	6.13	1.22	0	2188
Tabligbo		6.58	1.50	0	22
Tsévié	Tsevie	6.43	1.21	0	56
Vogan		6.33	1.53	0	21
#r	Plateaux
Atakpamé	Atakpame	7.53	1.13	0	81
Badou		7.58	0.60	0	24
Kpalimé	Kpalime	6.90	0.63	0	75
Notsé	Notse	6.95	1.17	0	35
#r	Savanes
Dapaong		10.86	0.21	0	58
Mango		10.36	0.47	0	38
