#z	Africa/Maputo
#c	MZ
#r	
Alto Molocue		-15.64	37.69	0	49
Boane		-26.04	32.33	0	27
Búzi	Buzi	-19.86	34.47	0	16
Caia		-17.82	35.34	0	21
Catandica		-18.06	33.17	0	26
Chinde		-18.58	36.46	0	18
Chiúre	Chiure	-13.38	39.78	0	38
Gondola		-19.09	33.65	0	39
Gorongosa		-18.68	34.07	0	22
Gurúè	Gurue	-15.47	36.98	0	169
Iapala		-15.03	38.04	0	20
Machipanda		-18.99	32.74	0	16
Macomia		-12.25	40.12	0	23
Maganja		-17.31	37.51	0	18
Malema		-14.95	37.42	0	24
Mandimba		-14.35	35.65	0	119
Manica		-18.93	32.88	0	42
Marromeu		-18.29	35.95	0	46
Massinga		-23.33	35.38	0	24
Messica		-18.99	33.08	0	16
Micolene		-16.73	39.23	0	30
Milange		-16.10	35.77	0	35
Moatize		-16.12	33.73	0	45
Mocuba		-16.84	36.99	0	196
Monapo		-14.92	40.30	0	50
Morrumbala		-17.33	35.58	0	24
Mueda		-11.66	39.55	0	27
Murrupula		-15.46	38.68	0	20
Namacurra		-17.49	37.03	0	23
Namapa-erati		-13.71	39.83	0	26
Nametil		-15.72	39.34	0	52
Namialo		-14.92	39.98	0	37
Nhamatanda		-19.27	34.21	0	30
Pebane		-17.26	38.13	0	17
Ribáuè	Ribaue	-14.94	38.32	0	30
Songo		-15.60	32.76	0	31
Ulongué	Ulongue	-14.72	34.36	0	16
Vilankulo		-22.00	35.32	0	43
Xilembene		-24.69	33.26	0	24
#r	Cabo Delgado
Mocímboa	Mocimboa	-11.32	40.35	0	28
Mocímboa da Praia	Mocimboa da Praia	-11.35	40.35	0	45
Montepuez		-13.13	39.00	0	88
Pemba		-12.97	40.52	0	233
#r	Gaza
Chibuto		-24.69	33.53	0	73
Chokwé	Chokwe	-24.53	32.98	0	64
Macia		-25.03	33.10	0	32
Xai-Xai		-25.05	33.64	0	154
#r	Inhambane
Inhambane		-23.86	35.38	0	95
Maxixe		-23.86	35.35	0	126
#r	Manica
Chimoio		-19.12	33.48	0	422
#r	Maputo
Manhiça	Manhica	-25.40	32.81	0	65
Matola		-25.96	32.46	0	1199
Ressano Garcia		-25.44	32.00	0	110
#r	Maputo City
Maputo		-25.97	32.58	0	1255
#r	Nampula
Angoche		-16.23	39.91	0	105
Mossuril		-14.97	40.66	0	24
Mozambique		-15.03	40.73	0	56
Mutuáli	Mutuali	-14.87	37.00	0	33
Nacala		-14.56	40.69	0	240
Nampula		-15.12	39.27	0	770
#r	Niassa
Cuamba		-14.80	36.54	0	92
Lichinga		-13.31	35.24	0	281
#r	Sofala
Beira		-19.84	34.84	0	688
Dondo		-19.61	34.74	0	82
#r	Tete
Tete		-16.16	33.59	0	357
#r	Zambezia
Quelimane		-17.88	36.89	0	350
