#z	Africa/Nairobi
#c	KE
#r	
Awendo		-0.91	34.53	0	17
Bondo		-0.10	34.27	0	23
El Wak		2.81	40.93	0	61
Emali		-2.08	37.47	0	18
Garba Tula		0.53	38.52	0	17
Gilgil		-0.50	36.32	0	61
Githunguri		-1.30	36.99	0	63
Habaswein		1.02	39.49	0	50
Isebania		-1.23	34.46	0	24
Iten		0.67	35.51	0	42
Kakuma		3.71	34.86	0	23
Karatina		-0.48	37.13	0	24
Kimilili		0.79	34.72	0	56
Kiminini		0.89	34.92	0	17
Kinoi		-1.66	37.37	0	44
Lafey		3.15	41.19	0	23
Makindu		-2.28	37.82	0	15
Masalani		-1.69	40.17	0	44
Mbale		0.08	34.72	0	60
Moi‘s Bridge	Mois Bridge	0.87	35.12	0	16
Mtwapa		-3.94	39.75	0	91
Ramu		3.93	41.22	0	36
Takaba		3.36	40.22	0	22
Taveta		-3.40	37.68	0	22
Ukunda		-4.29	39.56	0	78
Wanguru		-0.68	37.36	0	52
Watamu		-3.35	40.02	0	28
#r	Baringo
Eldama Ravine		0.05	35.73	0	21
Kabarnet		0.49	35.74	0	25
#r	Bungoma
Bungoma		0.56	34.56	0	68
Webuye		0.60	34.77	0	43
#r	Busia
Busia		0.46	34.11	0	72
Lugulu		0.39	34.30	0	41
Malaba		0.64	34.28	0	16
#r	Embu
Embu		-0.54	37.46	0	65
#r	Garissa
Garissa		-0.45	39.65	0	163
#r	Homa Bay
Awendo		-0.50	34.40	0	17
Homa Bay		-0.53	34.46	0	45
Oyugis		-0.51	34.73	0	20
#r	Isiolo
Isiolo		0.35	37.58	0	79
Maua		0.23	37.94	0	22
#r	Kajiado
Kajiado		-1.85	36.78	0	25
Kiserian		-1.43	36.69	0	77
Lang'ata		-1.37	36.73	0	173
Ngong		-1.35	36.67	0	102
Ongata Rongai		-1.40	36.76	0	173
#r	Kakamega
Kakamega		0.28	34.75	0	1868
Mumias		0.33	34.49	0	45
#r	Kericho
Kericho		-0.37	35.28	0	54
#r	Kiambu
Githunguri		-1.06	36.78	0	63
Karuri		-1.18	36.76	0	194
Kiambu		-1.17	36.84	0	148
Kikuyu		-1.25	36.66	0	324
Limuru		-1.11	36.64	0	159
Ruiru		-1.15	36.96	0	490
#r	Kilifi
Kilifi		-3.63	39.85	0	74
Malindi		-3.22	40.12	0	120
#r	Kirinyaga
Kerugoya		-0.50	37.28	0	30
#r	Kisii
Kisii		-0.68	34.77	0	112
Ogembo		-0.80	34.73	0	20
Rongo		-0.76	34.60	0	21
#r	Kisumu
Kisumu		-0.10	34.76	0	398
Muhoroni		-0.16	35.20	0	15
#r	Kitui
Kitui		-1.37	38.01	0	29
Mwingi		-0.94	38.06	0	17
#r	Kwale
Mariakani		-3.86	39.47	0	32
Matuga		-4.17	39.57	0	194
Mazeras		-3.96	39.55	0	16
#r	Laikipia
Mairo Inya		0.03	36.41	0	31
Nanyuki		0.01	37.07	0	73
Nyahururu		0.04	36.36	0	38
#r	Lamu
Lamu		-2.27	40.90	0	25
#r	Machakos
Athi River		-1.46	36.98	0	81
Kitengela		-1.48	36.96	0	154
Machakos		-1.52	37.27	0	64
Mlolongo		-1.40	36.94	0	136
Mwala		-1.35	37.45	0	182
#r	Makueni
Makueni Boma		-1.80	37.62	0	21
Wote		-1.78	37.63	0	20
#r	Mandera
Mandera		3.94	41.86	0	115
#r	Marsabit
Marsabit		2.33	37.99	0	36
Moyale		3.53	39.06	0	48
#r	Meru
Meru		0.05	37.66	0	80
#r	Migori
Kihancha		-1.19	34.62	0	22
Migori		-1.06	34.47	0	72
#r	Mombasa
Jomvu		-3.99	39.61	0	163
Mombasa		-4.05	39.66	0	1208
#r	Murang'a District
Karuri		-0.70	37.18	0	194
Murang’a	Muranga	-0.72	37.15	0	43
#r	Nairobi Area
Imara Daima Estate		-1.32	36.88	0	53
Juja		-1.10	37.01	0	156
Kenol		-0.94	37.12	0	44
Nairobi		-1.28	36.82	0	4397
Pumwani		-1.28	36.85	0	30
Thika		-1.03	37.07	0	251
#r	Nakuru
Elburgon		-0.30	35.81	0	28
Maai Mahiu		-0.99	36.59	0	21
Mai		-0.98	36.59	0	21
Molo		-0.25	35.73	0	48
Naivasha		-0.71	36.43	0	198
Nakuru		-0.31	36.07	0	571
Njoro		-0.33	35.94	0	42
Rongai		-0.17	35.86	0	30
#r	Nandi
Kapsabet		0.20	35.10	0	42
#r	Narok
Narok		-1.08	35.87	0	65
#r	Nyamira District
Nyamira		-0.56	34.94	0	24
#r	Nyandarua
Ol Kalou		-0.27	36.38	0	48
Upper Gilgil		-0.21	36.27	0	61
#r	Nyeri
Nyeri		-0.42	36.95	0	80
Tetu		-0.43	36.92	0	39
#r	Samburu
Maralal		1.10	36.70	0	31
#r	Siaya
Khwisero		0.17	34.59	0	113
Siaya		0.06	34.29	0	33
#r	Taita Taveta
Voi		-3.40	38.56	0	53
#r	Tana River
Hola		-1.48	40.03	0	21
#r	Tharaka District
Chuka		-0.33	37.65	0	22
#r	Trans Nzoia
Kitale		1.02	35.01	0	162
#r	Turkana
Lodwar		3.12	35.60	0	83
#r	Uasin Gishu
Eldoret		0.52	35.27	0	476
#r	Wajir
Wajir		1.75	40.06	0	90
#r	West Pokot
Kapenguria		1.24	35.11	0	56
Makutano		1.26	35.10	0	28
