#z	Africa/Porto-Novo
#c	BJ
#r	
Banté	Bante	8.41	1.89	0	18
Boukoumbé	Boukoumbe	10.18	1.11	0	22
Cobly		10.49	1.00	0	25
Djidja		7.34	1.93	0	24
Glazoué	Glazoue	7.97	2.22	0	20
Kalalé	Kalale	10.29	3.38	0	36
Klouékanmè	Klouekanme	6.98	1.84	0	24
Kopargo		9.84	1.54	0	29
Kérou	Kerou	10.83	2.10	0	54
Matéri	Materi	10.70	1.06	0	24
Ndali		9.86	2.72	0	23
Ouaké	Ouake	9.66	1.38	0	17
Ouessé	Ouesse	8.49	2.43	0	16
Ouinhi		7.08	2.48	0	17
Pèrèrè	Perere	9.80	2.98	0	16
Péhonko	Pehonko	10.23	2.00	0	37
Sinendé	Sinende	10.35	2.38	0	35
Ségbana	Segbana	10.93	3.69	0	26
Tobré	Tobre	10.19	2.13	0	17
Toukountouna		10.50	1.37	0	16
Zinvié	Zinvie	6.62	2.36	0	18
#r	Alibori
Banikoara		11.30	2.44	0	38
Kandi		11.13	2.94	0	56
#r	Atakora
Malanville		11.87	3.38	0	65
Natitingou		10.30	1.38	0	53
Tanguiéta	Tanguieta	10.62	1.27	0	27
#r	Atlantique
Abomey-Calavi		6.45	2.36	0	386
Allada		6.67	2.15	0	23
Ganvié	Ganvie	6.46	2.39	0	20
Godomè	Godome	6.39	2.35	0	253
Kouandé	Kouande	6.40	2.07	0	27
Ouidah		6.36	2.09	0	48
Zé	Ze	6.78	2.30	0	17
#r	Borgou
Bembèrèkè	Bembereke	10.23	2.66	0	31
Nikki		9.94	3.21	0	66
Parakou		9.34	2.63	0	255
Tchaourou		8.89	2.60	0	44
#r	Collines
Dassa-Zoumè	Dassa-Zoume	7.75	2.18	0	29
Savalou		7.93	1.98	0	38
Savé	Save	8.03	2.49	0	31
#r	Donga
Bassila		9.01	1.67	0	47
Djougou		9.71	1.67	0	95
#r	Kouffo
Aplahoué	Aplahoue	6.93	1.68	0	26
Djakotomé	Djakotome	6.90	1.72	0	19
Dogbo		6.80	1.78	0	41
Toviklin		6.89	1.84	0	22
#r	Littoral
Cotonou		6.37	2.42	0	679
Ekpé	Ekpe	6.39	2.54	0	75
#r	Mono
Athiémé	Athieme	6.58	1.67	0	15
Comé	Come	6.41	1.88	0	43
Lokossa		6.64	1.72	0	47
Sé	Se	6.51	1.83	0	27
#r	Plateau
Adjaouèrè	Adjaouere	7.00	2.61	0	22
Banigbé	Banigbe	6.65	2.71	0	32
Kétou	Ketou	7.36	2.60	0	40
Pobé	Pobe	6.98	2.66	0	49
Sakété	Sakete	6.74	2.66	0	44
#r	Queme
Adjarra		6.53	2.67	0	24
Avrankou		6.56	2.65	0	20
Missérété	Misserete	6.56	2.59	0	42
Porto-Novo		6.50	2.60	0	264
Semi		6.37	2.62	0	24
#r	Zou
Abomey		7.18	1.99	0	118
Bohicon		7.18	2.07	0	94
Cové	Cove	7.22	2.34	0	44
Kpozoun		7.23	2.21	0	27
